timestamp_utc_iso,category,input_file,n,seed,rep_id,elapsed_ms,cpu_ms,comparisons,swaps,correct,std_sort_ms,recursion_depth,bad_split_count
2025-11-22T05:31:06Z,duplicates,./datasets/qsort/duplicates/duplicates_100.txt,100,42,0,0,0,826,264,1,0,17,12
2025-11-22T05:31:06Z,duplicates,./datasets/qsort/duplicates/duplicates_100.txt,100,43,1,0,0,854,210,1,0,16,20
2025-11-22T05:31:06Z,duplicates,./datasets/qsort/duplicates/duplicates_100.txt,100,44,2,0,0,855,261,1,0,18,14
2025-11-22T05:31:06Z,duplicates,./datasets/qsort/duplicates/duplicates_100.txt,100,45,3,0,0,942,246,1,0,19,14
2025-11-22T05:31:06Z,duplicates,./datasets/qsort/duplicates/duplicates_100.txt,100,46,4,0,0,892,283,1,0,18,14
2025-11-22T05:31:06Z,duplicates,./datasets/qsort/duplicates/duplicates_100.txt,100,47,5,0,0,832,219,1,0,19,12
2025-11-22T05:31:06Z,duplicates,./datasets/qsort/duplicates/duplicates_100.txt,100,48,6,0,0,851,235,1,0,17,14
2025-11-22T05:31:06Z,duplicates,./datasets/qsort/duplicates/duplicates_100.txt,100,49,7,0,0,940,228,1,0,20,17
2025-11-22T05:31:06Z,duplicates,./datasets/qsort/duplicates/duplicates_100.txt,100,50,8,0,0,919,206,1,0,20,15
2025-11-22T05:31:06Z,duplicates,./datasets/qsort/duplicates/duplicates_100.txt,100,51,9,0,0,871,295,1,0,20,13
2025-11-22T05:31:06Z,duplicates,./datasets/qsort/duplicates/duplicates_100.txt,100,52,10,0,0,933,245,1,0,20,17
2025-11-22T05:31:06Z,duplicates,./datasets/qsort/duplicates/duplicates_100.txt,100,53,11,0,0,925,295,1,0,18,13
2025-11-22T05:31:06Z,duplicates,./datasets/qsort/duplicates/duplicates_100.txt,100,54,12,0,0,777,214,1,0,17,12
2025-11-22T05:31:06Z,duplicates,./datasets/qsort/duplicates/duplicates_100.txt,100,55,13,0,0,1005,268,1,0,22,16
2025-11-22T05:31:06Z,duplicates,./datasets/qsort/duplicates/duplicates_100.txt,100,56,14,0,0,971,279,1,0,20,17
2025-11-22T05:31:06Z,duplicates,./datasets/qsort/duplicates/duplicates_100.txt,100,57,15,0,0,843,194,1,0,17,13
2025-11-22T05:31:06Z,duplicates,./datasets/qsort/duplicates/duplicates_100.txt,100,58,16,0,0,852,259,1,0,18,13
2025-11-22T05:31:06Z,duplicates,./datasets/qsort/duplicates/duplicates_100.txt,100,59,17,0,0,882,298,1,0,18,16
2025-11-22T05:31:06Z,duplicates,./datasets/qsort/duplicates/duplicates_100.txt,100,60,18,0,0,883,256,1,0,19,13
2025-11-22T05:31:06Z,duplicates,./datasets/qsort/duplicates/duplicates_100.txt,100,61,19,0,0,819,248,1,0,18,11
2025-11-22T05:31:06Z,duplicates,./datasets/qsort/duplicates/duplicates_1000.txt,1000,42,0,0,0,53082,2781,1,0,119,891
2025-11-22T05:31:06Z,duplicates,./datasets/qsort/duplicates/duplicates_1000.txt,1000,43,1,0,0,53332,3528,1,0,119,892
2025-11-22T05:31:06Z,duplicates,./datasets/qsort/duplicates/duplicates_1000.txt,1000,44,2,0,0,53203,2848,1,0,118,891
2025-11-22T05:31:06Z,duplicates,./datasets/qsort/duplicates/duplicates_1000.txt,1000,45,3,0,0,54261,2641,1,0,120,891
2025-11-22T05:31:06Z,duplicates,./datasets/qsort/duplicates/duplicates_1000.txt,1000,46,4,0,0,53171,2457,1,0,118,891
2025-11-22T05:31:06Z,duplicates,./datasets/qsort/duplicates/duplicates_1000.txt,1000,47,5,0,0,53315,2838,1,0,118,891
2025-11-22T05:31:06Z,duplicates,./datasets/qsort/duplicates/duplicates_1000.txt,1000,48,6,0,0,53504,2966,1,0,117,891
2025-11-22T05:31:06Z,duplicates,./datasets/qsort/duplicates/duplicates_1000.txt,1000,49,7,0,0,54331,2855,1,0,122,891
2025-11-22T05:31:06Z,duplicates,./datasets/qsort/duplicates/duplicates_1000.txt,1000,50,8,0,0,54078,2469,1,0,123,891
2025-11-22T05:31:06Z,duplicates,./datasets/qsort/duplicates/duplicates_1000.txt,1000,51,9,0,0,54066,3375,1,0,122,892
2025-11-22T05:31:06Z,duplicates,./datasets/qsort/duplicates/duplicates_1000.txt,1000,52,10,0,0,52812,2746,1,0,117,891
2025-11-22T05:31:06Z,duplicates,./datasets/qsort/duplicates/duplicates_1000.txt,1000,53,11,0,0,53673,2655,1,0,120,891
2025-11-22T05:31:06Z,duplicates,./datasets/qsort/duplicates/duplicates_1000.txt,1000,54,12,0,0,52776,2746,1,0,117,891
2025-11-22T05:31:06Z,duplicates,./datasets/qsort/duplicates/duplicates_1000.txt,1000,55,13,0,0,53443,2444,1,0,120,891
2025-11-22T05:31:06Z,duplicates,./datasets/qsort/duplicates/duplicates_1000.txt,1000,56,14,0,0,54376,3116,1,0,118,891
2025-11-22T05:31:06Z,duplicates,./datasets/qsort/duplicates/duplicates_1000.txt,1000,57,15,0,0,53365,2630,1,0,118,891
2025-11-22T05:31:06Z,duplicates,./datasets/qsort/duplicates/duplicates_1000.txt,1000,58,16,0,0,53110,2453,1,0,117,891
2025-11-22T05:31:06Z,duplicates,./datasets/qsort/duplicates/duplicates_1000.txt,1000,59,17,0,0,53168,2736,1,0,117,891
2025-11-22T05:31:06Z,duplicates,./datasets/qsort/duplicates/duplicates_1000.txt,1000,60,18,0,0,53274,2660,1,0,121,891
2025-11-22T05:31:06Z,duplicates,./datasets/qsort/duplicates/duplicates_1000.txt,1000,61,19,0,0,54253,4243,1,0,121,892
2025-11-22T05:31:06Z,duplicates,./datasets/qsort/duplicates/duplicates_2000.txt,2000,42,0,0,0,207055,6252,1,0,232,1891
2025-11-22T05:31:06Z,duplicates,./datasets/qsort/duplicates/duplicates_2000.txt,2000,43,1,0,0,209368,5604,1,0,233,1891
2025-11-22T05:31:06Z,duplicates,./datasets/qsort/duplicates/duplicates_2000.txt,2000,44,2,0,0,206872,5775,1,0,228,1891
2025-11-22T05:31:06Z,duplicates,./datasets/qsort/duplicates/duplicates_2000.txt,2000,45,3,0,0,210873,6459,1,0,234,1892
2025-11-22T05:31:06Z,duplicates,./datasets/qsort/duplicates/duplicates_2000.txt,2000,46,4,0,0,205656,4769,1,0,226,1891
2025-11-22T05:31:06Z,duplicates,./datasets/qsort/duplicates/duplicates_2000.txt,2000,47,5,0,0,206861,4979,1,0,226,1891
2025-11-22T05:31:06Z,duplicates,./datasets/qsort/duplicates/duplicates_2000.txt,2000,48,6,0,0,208332,4392,1,0,226,1891
2025-11-22T05:31:06Z,duplicates,./datasets/qsort/duplicates/duplicates_2000.txt,2000,49,7,0,0,207382,6637,1,0,229,1891
2025-11-22T05:31:06Z,duplicates,./datasets/qsort/duplicates/duplicates_2000.txt,2000,50,8,0,0,208624,5371,1,0,225,1891
2025-11-22T05:31:06Z,duplicates,./datasets/qsort/duplicates/duplicates_2000.txt,2000,51,9,0,0,207219,5778,1,0,227,1891
2025-11-22T05:31:06Z,duplicates,./datasets/qsort/duplicates/duplicates_2000.txt,2000,52,10,0,0,209423,5629,1,0,232,1891
2025-11-22T05:31:06Z,duplicates,./datasets/qsort/duplicates/duplicates_2000.txt,2000,53,11,0,0,206386,5592,1,0,227,1891
2025-11-22T05:31:06Z,duplicates,./datasets/qsort/duplicates/duplicates_2000.txt,2000,54,12,0,0,206258,5009,1,0,227,1891
2025-11-22T05:31:06Z,duplicates,./datasets/qsort/duplicates/duplicates_2000.txt,2000,55,13,0,0,208061,6387,1,0,226,1892
2025-11-22T05:31:06Z,duplicates,./datasets/qsort/duplicates/duplicates_2000.txt,2000,56,14,0,0,207379,7890,1,0,230,1892
2025-11-22T05:31:06Z,duplicates,./datasets/qsort/duplicates/duplicates_2000.txt,2000,57,15,0,0,209507,5392,1,0,226,1891
2025-11-22T05:31:06Z,duplicates,./datasets/qsort/duplicates/duplicates_2000.txt,2000,58,16,0,0,206041,5423,1,0,227,1891
2025-11-22T05:31:06Z,duplicates,./datasets/qsort/duplicates/duplicates_2000.txt,2000,59,17,0,0,206805,7082,1,0,231,1891
2025-11-22T05:31:06Z,duplicates,./datasets/qsort/duplicates/duplicates_2000.txt,2000,60,18,0,0,208740,5859,1,0,230,1891
2025-11-22T05:31:06Z,duplicates,./datasets/qsort/duplicates/duplicates_2000.txt,2000,61,19,0,0,206407,4775,1,0,226,1891
2025-11-22T05:31:06Z,duplicates,./datasets/qsort/duplicates/duplicates_5000.txt,5000,42,0,1,1,1269691,12331,1,0,539,4891
2025-11-22T05:31:06Z,duplicates,./datasets/qsort/duplicates/duplicates_5000.txt,5000,43,1,0,0,1268252,11413,1,0,537,4891
2025-11-22T05:31:06Z,duplicates,./datasets/qsort/duplicates/duplicates_5000.txt,5000,44,2,1,1,1268848,16429,1,0,541,4891
2025-11-22T05:31:06Z,duplicates,./datasets/qsort/duplicates/duplicates_5000.txt,5000,45,3,1,1,1272029,17552,1,0,543,4891
2025-11-22T05:31:06Z,duplicates,./datasets/qsort/duplicates/duplicates_5000.txt,5000,46,4,0,0,1271602,19294,1,0,541,4891
2025-11-22T05:31:06Z,duplicates,./datasets/qsort/duplicates/duplicates_5000.txt,5000,47,5,0,0,1268421,16486,1,0,539,4891
2025-11-22T05:31:06Z,duplicates,./datasets/qsort/duplicates/duplicates_5000.txt,5000,48,6,1,1,1271702,17361,1,0,542,4891
2025-11-22T05:31:06Z,duplicates,./datasets/qsort/duplicates/duplicates_5000.txt,5000,49,7,1,1,1268463,16489,1,0,541,4891
2025-11-22T05:31:06Z,duplicates,./datasets/qsort/duplicates/duplicates_5000.txt,5000,50,8,1,1,1275524,18867,1,0,542,4892
2025-11-22T05:31:06Z,duplicates,./datasets/qsort/duplicates/duplicates_5000.txt,5000,51,9,1,1,1263783,13850,1,0,537,4891
2025-11-22T05:31:06Z,duplicates,./datasets/qsort/duplicates/duplicates_5000.txt,5000,52,10,1,1,1269345,12943,1,0,540,4891
2025-11-22T05:31:06Z,duplicates,./datasets/qsort/duplicates/duplicates_5000.txt,5000,53,11,1,1,1270786,12328,1,0,540,4891
2025-11-22T05:31:06Z,duplicates,./datasets/qsort/duplicates/duplicates_5000.txt,5000,54,12,0,0,1276077,15875,1,0,546,4891
2025-11-22T05:31:06Z,duplicates,./datasets/qsort/duplicates/duplicates_5000.txt,5000,55,13,1,1,1271587,19333,1,0,542,4891
2025-11-22T05:31:06Z,duplicates,./datasets/qsort/duplicates/duplicates_5000.txt,5000,56,14,1,1,1272276,14406,1,0,541,4891
2025-11-22T05:31:06Z,duplicates,./datasets/qsort/duplicates/duplicates_5000.txt,5000,57,15,1,1,1269191,14314,1,0,541,4891
2025-11-22T05:31:06Z,duplicates,./datasets/qsort/duplicates/duplicates_5000.txt,5000,58,16,1,1,1268280,15929,1,0,542,4891
2025-11-22T05:31:06Z,duplicates,./datasets/qsort/duplicates/duplicates_5000.txt,5000,59,17,0,0,1265845,14890,1,0,540,4891
2025-11-22T05:31:06Z,duplicates,./datasets/qsort/duplicates/duplicates_5000.txt,5000,60,18,0,0,1268334,14953,1,0,542,4891
2025-11-22T05:31:06Z,duplicates,./datasets/qsort/duplicates/duplicates_5000.txt,5000,61,19,1,1,1275927,13826,1,0,542,4891
2025-11-22T05:31:06Z,duplicates,./datasets/qsort/duplicates/duplicates_10000.txt,10000,42,0,2,2,5026454,24988,1,0,1043,9891
2025-11-22T05:31:06Z,duplicates,./datasets/qsort/duplicates/duplicates_10000.txt,10000,43,1,5,5,5031460,30992,1,0,1043,9891
2025-11-22T05:31:06Z,duplicates,./datasets/qsort/duplicates/duplicates_10000.txt,10000,44,2,5,5,5042476,34963,1,0,1046,9891
2025-11-22T05:31:06Z,duplicates,./datasets/qsort/duplicates/duplicates_10000.txt,10000,45,3,4,4,5036317,34914,1,0,1046,9891
2025-11-22T05:31:06Z,duplicates,./datasets/qsort/duplicates/duplicates_10000.txt,10000,46,4,4,4,5025339,26884,1,0,1042,9891
2025-11-22T05:31:06Z,duplicates,./datasets/qsort/duplicates/duplicates_10000.txt,10000,47,5,4,4,5027496,26034,1,0,1044,9891
2025-11-22T05:31:06Z,duplicates,./datasets/qsort/duplicates/duplicates_10000.txt,10000,48,6,4,4,5029264,28905,1,0,1043,9891
2025-11-22T05:31:06Z,duplicates,./datasets/qsort/duplicates/duplicates_10000.txt,10000,49,7,2,2,5027410,27976,1,0,1041,9891
2025-11-22T05:31:06Z,duplicates,./datasets/qsort/duplicates/duplicates_10000.txt,10000,50,8,2,2,5033398,28932,1,0,1045,9892
2025-11-22T05:31:06Z,duplicates,./datasets/qsort/duplicates/duplicates_10000.txt,10000,51,9,2,2,5034370,26893,1,0,1043,9891
2025-11-22T05:31:06Z,duplicates,./datasets/qsort/duplicates/duplicates_10000.txt,10000,52,10,2,2,5042700,32045,1,0,1047,9891
2025-11-22T05:31:06Z,duplicates,./datasets/qsort/duplicates/duplicates_10000.txt,10000,53,11,2,2,5044453,25952,1,0,1042,9891
2025-11-22T05:31:06Z,duplicates,./datasets/qsort/duplicates/duplicates_10000.txt,10000,54,12,4,4,5034326,23875,1,0,1045,9891
2025-11-22T05:31:07Z,duplicates,./datasets/qsort/duplicates/duplicates_10000.txt,10000,55,13,4,3,5034282,25893,1,0,1043,9891
2025-11-22T05:31:07Z,duplicates,./datasets/qsort/duplicates/duplicates_10000.txt,10000,56,14,4,4,5037490,24942,1,0,1042,9892
2025-11-22T05:31:07Z,duplicates,./datasets/qsort/duplicates/duplicates_10000.txt,10000,57,15,2,2,5038623,28002,1,0,1048,9891
2025-11-22T05:31:07Z,duplicates,./datasets/qsort/duplicates/duplicates_10000.txt,10000,58,16,2,2,5037533,28989,1,0,1046,9891
2025-11-22T05:31:07Z,duplicates,./datasets/qsort/duplicates/duplicates_10000.txt,10000,59,17,4,4,5030284,25898,1,0,1044,9891
2025-11-22T05:31:07Z,duplicates,./datasets/qsort/duplicates/duplicates_10000.txt,10000,60,18,3,3,5041209,24883,1,0,1043,9891
2025-11-22T05:31:07Z,duplicates,./datasets/qsort/duplicates/duplicates_10000.txt,10000,61,19,4,4,5032320,30880,1,0,1045,9891
2025-11-22T05:31:07Z,duplicates,./datasets/qsort/duplicates/duplicates_20000.txt,20000,42,0,9,9,20091115,62162,1,0,2082,19891
2025-11-22T05:31:07Z,duplicates,./datasets/qsort/duplicates/duplicates_20000.txt,20000,43,1,13,13,20078803,52072,1,0,2082,19892
2025-11-22T05:31:07Z,duplicates,./datasets/qsort/duplicates/duplicates_20000.txt,20000,44,2,8,8,20070794,56008,1,0,2082,19891
2025-11-22T05:31:07Z,duplicates,./datasets/qsort/duplicates/duplicates_20000.txt,20000,45,3,13,13,20060761,62028,1,0,2084,19891
2025-11-22T05:31:07Z,duplicates,./datasets/qsort/duplicates/duplicates_20000.txt,20000,46,4,8,8,20070821,49788,1,0,2081,19891
2025-11-22T05:31:07Z,duplicates,./datasets/qsort/duplicates/duplicates_20000.txt,20000,47,5,8,8,20066849,67991,1,0,2085,19891
2025-11-22T05:31:07Z,duplicates,./datasets/qsort/duplicates/duplicates_20000.txt,20000,48,6,8,8,20082608,55872,1,0,2085,19891
2025-11-22T05:31:07Z,duplicates,./datasets/qsort/duplicates/duplicates_20000.txt,20000,49,7,13,13,20078575,51860,1,0,2081,19891
2025-11-22T05:31:07Z,duplicates,./datasets/qsort/duplicates/duplicates_20000.txt,20000,50,8,8,8,20066476,59837,1,0,2082,19891
2025-11-22T05:31:07Z,duplicates,./datasets/qsort/duplicates/duplicates_20000.txt,20000,51,9,8,8,20086379,55839,1,0,2084,19891
2025-11-22T05:31:07Z,duplicates,./datasets/qsort/duplicates/duplicates_20000.txt,20000,52,10,8,8,20071032,64059,1,0,2084,19891
2025-11-22T05:31:07Z,duplicates,./datasets/qsort/duplicates/duplicates_20000.txt,20000,53,11,8,8,20060784,56016,1,0,2083,19891
2025-11-22T05:31:07Z,duplicates,./datasets/qsort/duplicates/duplicates_20000.txt,20000,54,12,8,8,20090367,51865,1,0,2083,19891
2025-11-22T05:31:07Z,duplicates,./datasets/qsort/duplicates/duplicates_20000.txt,20000,55,13,8,8,20080552,47949,1,0,2082,19891
2025-11-22T05:31:07Z,duplicates,./datasets/qsort/duplicates/duplicates_20000.txt,20000,56,14,9,9,20096327,70016,1,0,2085,19891
2025-11-22T05:31:07Z,duplicates,./datasets/qsort/duplicates/duplicates_20000.txt,20000,57,15,9,9,20101061,92024,1,0,2091,19891
2025-11-22T05:31:07Z,duplicates,./datasets/qsort/duplicates/duplicates_20000.txt,20000,58,16,17,17,20068881,58031,1,0,2083,19891
2025-11-22T05:31:07Z,duplicates,./datasets/qsort/duplicates/duplicates_20000.txt,20000,59,17,8,8,20076484,69868,1,0,2086,19891
2025-11-22T05:31:07Z,duplicates,./datasets/qsort/duplicates/duplicates_20000.txt,20000,60,18,8,8,20080323,63766,1,0,2084,19891
2025-11-22T05:31:07Z,duplicates,./datasets/qsort/duplicates/duplicates_20000.txt,20000,61,19,8,8,20070521,57778,1,0,2082,19892
2025-11-22T05:31:07Z,duplicates,./datasets/qsort/duplicates/duplicates_50000.txt,50000,42,0,61,61,125166362,155368,1,0,5134,49891
2025-11-22T05:31:07Z,duplicates,./datasets/qsort/duplicates/duplicates_50000.txt,50000,43,1,62,62,125227119,170505,1,0,5138,49892
2025-11-22T05:31:07Z,duplicates,./datasets/qsort/duplicates/duplicates_50000.txt,50000,44,2,50,50,125295606,135338,1,0,5140,49891
2025-11-22T05:31:07Z,duplicates,./datasets/qsort/duplicates/duplicates_50000.txt,50000,45,3,51,51,125211407,145281,1,0,5131,49891
2025-11-22T05:31:07Z,duplicates,./datasets/qsort/duplicates/duplicates_50000.txt,50000,46,4,50,50,125170471,124886,1,0,5133,49891
2025-11-22T05:31:07Z,duplicates,./datasets/qsort/duplicates/duplicates_50000.txt,50000,47,5,50,50,125176793,140444,1,0,5138,49891
2025-11-22T05:31:07Z,duplicates,./datasets/qsort/duplicates/duplicates_50000.txt,50000,48,6,56,56,125185809,130209,1,0,5133,49891
2025-11-22T05:31:07Z,duplicates,./datasets/qsort/duplicates/duplicates_50000.txt,50000,49,7,51,50,125175801,135155,1,0,5133,49891
2025-11-22T05:31:07Z,duplicates,./datasets/qsort/duplicates/duplicates_50000.txt,50000,50,8,51,51,125196149,160183,1,0,5133,49891
2025-11-22T05:31:07Z,duplicates,./datasets/qsort/duplicates/duplicates_50000.txt,50000,51,9,50,50,125146365,150408,1,0,5132,49891
2025-11-22T05:31:08Z,duplicates,./datasets/qsort/duplicates/duplicates_50000.txt,50000,52,10,60,60,125205572,115103,1,0,5136,49891
2025-11-22T05:31:08Z,duplicates,./datasets/qsort/duplicates/duplicates_50000.txt,50000,53,11,52,52,125186234,155355,1,0,5133,49891
2025-11-22T05:31:08Z,duplicates,./datasets/qsort/duplicates/duplicates_50000.txt,50000,54,12,49,49,125161446,150411,1,0,5134,49891
2025-11-22T05:31:08Z,duplicates,./datasets/qsort/duplicates/duplicates_50000.txt,50000,55,13,50,50,125156146,135349,1,0,5133,49891
2025-11-22T05:31:08Z,duplicates,./datasets/qsort/duplicates/duplicates_50000.txt,50000,56,14,48,48,125181617,145355,1,0,5136,49891
2025-11-22T05:31:08Z,duplicates,./datasets/qsort/duplicates/duplicates_50000.txt,50000,57,15,52,52,125250702,140134,1,0,5134,49891
2025-11-22T05:31:08Z,duplicates,./datasets/qsort/duplicates/duplicates_50000.txt,50000,58,16,49,49,125192155,200756,1,0,5134,49892
2025-11-22T05:31:08Z,duplicates,./datasets/qsort/duplicates/duplicates_50000.txt,50000,59,17,49,49,125201865,145368,1,0,5134,49891
2025-11-22T05:31:08Z,duplicates,./datasets/qsort/duplicates/duplicates_50000.txt,50000,60,18,49,49,125256618,165274,1,0,5138,49892
2025-11-22T05:31:08Z,duplicates,./datasets/qsort/duplicates/duplicates_50000.txt,50000,61,19,49,49,125155832,125002,1,0,5133,49891
2025-11-22T05:31:08Z,duplicates,./datasets/qsort/duplicates/duplicates_100000.txt,100000,42,0,212,211,500360386,299685,1,1,10131,99891
2025-11-22T05:31:08Z,duplicates,./datasets/qsort/duplicates/duplicates_100000.txt,100000,43,1,197,197,500381471,290148,1,1,10128,99891
2025-11-22T05:31:09Z,duplicates,./datasets/qsort/duplicates/duplicates_100000.txt,100000,44,2,191,191,500521781,250084,1,1,10128,99891
2025-11-22T05:31:09Z,duplicates,./datasets/qsort/duplicates/duplicates_100000.txt,100000,45,3,193,193,500481690,260025,1,1,10132,99892
2025-11-22T05:31:09Z,duplicates,./datasets/qsort/duplicates/duplicates_100000.txt,100000,46,4,200,200,500371381,320024,1,1,10128,99891
2025-11-22T05:31:09Z,duplicates,./datasets/qsort/duplicates/duplicates_100000.txt,100000,47,5,201,201,500291162,239976,1,1,10129,99891
2025-11-22T05:31:10Z,duplicates,./datasets/qsort/duplicates/duplicates_100000.txt,100000,48,6,198,198,500352229,290446,1,1,10130,99891
2025-11-22T05:31:10Z,duplicates,./datasets/qsort/duplicates/duplicates_100000.txt,100000,49,7,197,197,500391649,340040,1,1,10129,99891
2025-11-22T05:31:10Z,duplicates,./datasets/qsort/duplicates/duplicates_100000.txt,100000,50,8,198,198,500460425,239807,1,1,10129,99891
2025-11-22T05:31:10Z,duplicates,./datasets/qsort/duplicates/duplicates_100000.txt,100000,51,9,197,197,500380981,229837,1,1,10130,99891
2025-11-22T05:31:10Z,duplicates,./datasets/qsort/duplicates/duplicates_100000.txt,100000,52,10,214,214,500301335,270145,1,1,10127,99891
2025-11-22T05:31:11Z,duplicates,./datasets/qsort/duplicates/duplicates_100000.txt,100000,53,11,210,210,500399950,349434,1,1,10127,99891
2025-11-22T05:31:11Z,duplicates,./datasets/qsort/duplicates/duplicates_100000.txt,100000,54,12,203,203,500371375,260066,1,1,10129,99891
2025-11-22T05:31:11Z,duplicates,./datasets/qsort/duplicates/duplicates_100000.txt,100000,55,13,199,199,500340850,319651,1,1,10130,99891
2025-11-22T05:31:11Z,duplicates,./datasets/qsort/duplicates/duplicates_100000.txt,100000,56,14,200,200,500391351,299961,1,1,10127,99891
2025-11-22T05:31:12Z,duplicates,./datasets/qsort/duplicates/duplicates_100000.txt,100000,57,15,209,209,500310912,349721,1,1,10127,99891
2025-11-22T05:31:12Z,duplicates,./datasets/qsort/duplicates/duplicates_100000.txt,100000,58,16,198,198,500582027,450185,1,1,10131,99892
2025-11-22T05:31:12Z,duplicates,./datasets/qsort/duplicates/duplicates_100000.txt,100000,59,17,203,203,500401991,320113,1,1,10131,99891
2025-11-22T05:31:12Z,duplicates,./datasets/qsort/duplicates/duplicates_100000.txt,100000,60,18,199,199,500301109,259781,1,1,10128,99891
2025-11-22T05:31:12Z,duplicates,./datasets/qsort/duplicates/duplicates_100000.txt,100000,61,19,200,200,500462028,330317,1,1,10131,99892
2025-11-22T05:31:12Z,random,./datasets/qsort/random/random_1000.txt,1000,42,0,0,0,10680,4929,1,0,19,27
2025-11-22T05:31:12Z,random,./datasets/qsort/random/random_1000.txt,1000,43,1,0,0,12566,6057,1,0,26,34
2025-11-22T05:31:12Z,random,./datasets/qsort/random/random_1000.txt,1000,44,2,0,0,10270,4755,1,0,18,25
2025-11-22T05:31:12Z,random,./datasets/qsort/random/random_1000.txt,1000,45,3,0,0,12195,5851,1,0,23,39
2025-11-22T05:31:12Z,random,./datasets/qsort/random/random_1000.txt,1000,46,4,0,0,11394,4601,1,0,21,27
2025-11-22T05:31:12Z,random,./datasets/qsort/random/random_1000.txt,1000,47,5,0,0,10784,6219,1,0,19,26
2025-11-22T05:31:12Z,random,./datasets/qsort/random/random_1000.txt,1000,48,6,0,0,10651,5279,1,0,23,17
2025-11-22T05:31:12Z,random,./datasets/qsort/random/random_1000.txt,1000,49,7,0,0,10721,5411,1,0,23,37
2025-11-22T05:31:12Z,random,./datasets/qsort/random/random_1000.txt,1000,50,8,0,0,11289,5641,1,0,21,37
2025-11-22T05:31:12Z,random,./datasets/qsort/random/random_1000.txt,1000,51,9,0,0,11849,5529,1,0,22,26
2025-11-22T05:31:12Z,random,./datasets/qsort/random/random_1000.txt,1000,52,10,0,0,10312,4765,1,0,20,25
2025-11-22T05:31:12Z,random,./datasets/qsort/random/random_1000.txt,1000,53,11,0,0,11856,5351,1,0,22,29
2025-11-22T05:31:12Z,random,./datasets/qsort/random/random_1000.txt,1000,54,12,0,0,12315,6961,1,0,24,23
2025-11-22T05:31:12Z,random,./datasets/qsort/random/random_1000.txt,1000,55,13,0,0,12102,6523,1,0,23,27
2025-11-22T05:31:12Z,random,./datasets/qsort/random/random_1000.txt,1000,56,14,0,0,10630,5053,1,0,21,31
2025-11-22T05:31:12Z,random,./datasets/qsort/random/random_1000.txt,1000,57,15,0,0,11193,5879,1,0,22,28
2025-11-22T05:31:12Z,random,./datasets/qsort/random/random_1000.txt,1000,58,16,0,0,11769,5651,1,0,23,28
2025-11-22T05:31:12Z,random,./datasets/qsort/random/random_1000.txt,1000,59,17,0,0,11232,5633,1,0,23,27
2025-11-22T05:31:12Z,random,./datasets/qsort/random/random_1000.txt,1000,60,18,0,0,10350,5257,1,0,19,24
2025-11-22T05:31:12Z,random,./datasets/qsort/random/random_1000.txt,1000,61,19,0,0,11009,5671,1,0,21,26
2025-11-22T05:31:12Z,random,./datasets/qsort/random/random_2000.txt,2000,42,0,0,0,25638,13194,1,0,24,51
2025-11-22T05:31:12Z,random,./datasets/qsort/random/random_2000.txt,2000,43,1,0,0,24382,13278,1,0,25,49
2025-11-22T05:31:12Z,random,./datasets/qsort/random/random_2000.txt,2000,44,2,0,0,23703,13000,1,0,24,61
2025-11-22T05:31:12Z,random,./datasets/qsort/random/random_2000.txt,2000,45,3,0,0,25025,12420,1,0,23,56
2025-11-22T05:31:12Z,random,./datasets/qsort/random/random_2000.txt,2000,46,4,0,0,23700,12372,1,0,22,48
2025-11-22T05:31:12Z,random,./datasets/qsort/random/random_2000.txt,2000,47,5,0,0,23438,11796,1,0,25,49
2025-11-22T05:31:12Z,random,./datasets/qsort/random/random_2000.txt,2000,48,6,0,0,24066,12456,1,0,22,54
2025-11-22T05:31:12Z,random,./datasets/qsort/random/random_2000.txt,2000,49,7,0,0,23664,11848,1,0,22,66
2025-11-22T05:31:12Z,random,./datasets/qsort/random/random_2000.txt,2000,50,8,0,0,24369,12590,1,0,25,59
2025-11-22T05:31:12Z,random,./datasets/qsort/random/random_2000.txt,2000,51,9,0,0,23294,11460,1,0,23,39
2025-11-22T05:31:12Z,random,./datasets/qsort/random/random_2000.txt,2000,52,10,0,0,24382,11186,1,0,21,51
2025-11-22T05:31:12Z,random,./datasets/qsort/random/random_2000.txt,2000,53,11,0,0,25205,13314,1,0,23,53
2025-11-22T05:31:12Z,random,./datasets/qsort/random/random_2000.txt,2000,54,12,0,0,23296,11828,1,0,22,47
2025-11-22T05:31:12Z,random,./datasets/qsort/random/random_2000.txt,2000,55,13,0,0,23818,11916,1,0,23,55
2025-11-22T05:31:12Z,random,./datasets/qsort/random/random_2000.txt,2000,56,14,0,0,24085,13784,1,0,24,49
2025-11-22T05:31:12Z,random,./datasets/qsort/random/random_2000.txt,2000,57,15,0,0,22707,10720,1,0,22,32
2025-11-22T05:31:12Z,random,./datasets/qsort/random/random_2000.txt,2000,58,16,0,0,23759,12834,1,0,23,55
2025-11-22T05:31:12Z,random,./datasets/qsort/random/random_2000.txt,2000,59,17,0,0,25744,12926,1,0,24,57
2025-11-22T05:31:12Z,random,./datasets/qsort/random/random_2000.txt,2000,60,18,0,0,25257,11484,1,0,23,58
2025-11-22T05:31:12Z,random,./datasets/qsort/random/random_2000.txt,2000,61,19,0,0,24021,12072,1,0,24,60
2025-11-22T05:31:12Z,random,./datasets/qsort/random/random_5000.txt,5000,42,0,0,0,72935,36535,1,0,27,129
2025-11-22T05:31:12Z,random,./datasets/qsort/random/random_5000.txt,5000,43,1,0,0,76796,35906,1,0,31,146
2025-11-22T05:31:12Z,random,./datasets/qsort/random/random_5000.txt,5000,44,2,0,0,68506,35035,1,0,27,126
2025-11-22T05:31:12Z,random,./datasets/qsort/random/random_5000.txt,5000,45,3,0,0,68860,35707,1,0,28,124
2025-11-22T05:31:12Z,random,./datasets/qsort/random/random_5000.txt,5000,46,4,0,0,71870,34655,1,0,29,144
2025-11-22T05:31:12Z,random,./datasets/qsort/random/random_5000.txt,5000,47,5,0,0,70741,37036,1,0,29,149
2025-11-22T05:31:12Z,random,./datasets/qsort/random/random_5000.txt,5000,48,6,0,0,71399,33592,1,0,27,133
2025-11-22T05:31:12Z,random,./datasets/qsort/random/random_5000.txt,5000,49,7,0,0,83381,40207,1,0,29,137
2025-11-22T05:31:12Z,random,./datasets/qsort/random/random_5000.txt,5000,50,8,0,0,70756,39273,1,0,25,144
2025-11-22T05:31:12Z,random,./datasets/qsort/random/random_5000.txt,5000,51,9,0,0,69337,35792,1,0,29,134
2025-11-22T05:31:12Z,random,./datasets/qsort/random/random_5000.txt,5000,52,10,0,0,71871,37174,1,0,29,128
2025-11-22T05:31:13Z,random,./datasets/qsort/random/random_5000.txt,5000,53,11,0,0,70117,33527,1,0,26,132
2025-11-22T05:31:13Z,random,./datasets/qsort/random/random_5000.txt,5000,54,12,0,0,71390,39015,1,0,29,148
2025-11-22T05:31:13Z,random,./datasets/qsort/random/random_5000.txt,5000,55,13,0,0,67676,34310,1,0,26,134
2025-11-22T05:31:13Z,random,./datasets/qsort/random/random_5000.txt,5000,56,14,0,0,75343,41932,1,0,28,121
2025-11-22T05:31:13Z,random,./datasets/qsort/random/random_5000.txt,5000,57,15,0,0,73026,36230,1,0,26,131
2025-11-22T05:31:13Z,random,./datasets/qsort/random/random_5000.txt,5000,58,16,0,0,68136,30528,1,0,26,132
2025-11-22T05:31:13Z,random,./datasets/qsort/random/random_5000.txt,5000,59,17,0,0,73349,43562,1,0,28,146
2025-11-22T05:31:13Z,random,./datasets/qsort/random/random_5000.txt,5000,60,18,0,0,71146,36596,1,0,27,125
2025-11-22T05:31:13Z,random,./datasets/qsort/random/random_5000.txt,5000,61,19,0,0,74566,35050,1,0,28,141
2025-11-22T05:31:13Z,random,./datasets/qsort/random/random_10000.txt,10000,42,0,0,0,166534,78702,1,0,38,283
2025-11-22T05:31:13Z,random,./datasets/qsort/random/random_10000.txt,10000,43,1,0,0,166205,89991,1,0,30,239
2025-11-22T05:31:13Z,random,./datasets/qsort/random/random_10000.txt,10000,44,2,0,0,161528,80523,1,0,31,291
2025-11-22T05:31:13Z,random,./datasets/qsort/random/random_10000.txt,10000,45,3,0,0,167048,77121,1,0,33,289
2025-11-22T05:31:13Z,random,./datasets/qsort/random/random_10000.txt,10000,46,4,0,0,148912,71683,1,0,29,263
2025-11-22T05:31:13Z,random,./datasets/qsort/random/random_10000.txt,10000,47,5,0,0,150485,75394,1,0,29,242
2025-11-22T05:31:13Z,random,./datasets/qsort/random/random_10000.txt,10000,48,6,0,0,153683,72991,1,0,30,282
2025-11-22T05:31:13Z,random,./datasets/qsort/random/random_10000.txt,10000,49,7,0,0,149985,77230,1,0,33,276
2025-11-22T05:31:13Z,random,./datasets/qsort/random/random_10000.txt,10000,50,8,0,0,164026,84793,1,0,30,292
2025-11-22T05:31:13Z,random,./datasets/qsort/random/random_10000.txt,10000,51,9,0,0,148965,70710,1,0,32,266
2025-11-22T05:31:13Z,random,./datasets/qsort/random/random_10000.txt,10000,52,10,0,0,154480,83335,1,0,29,276
2025-11-22T05:31:13Z,random,./datasets/qsort/random/random_10000.txt,10000,53,11,0,0,147071,68182,1,0,28,273
2025-11-22T05:31:13Z,random,./datasets/qsort/random/random_10000.txt,10000,54,12,0,0,151659,68505,1,0,31,250
2025-11-22T05:31:13Z,random,./datasets/qsort/random/random_10000.txt,10000,55,13,0,0,152749,76430,1,0,28,275
2025-11-22T05:31:13Z,random,./datasets/qsort/random/random_10000.txt,10000,56,14,0,0,155579,79319,1,0,30,270
2025-11-22T05:31:13Z,random,./datasets/qsort/random/random_10000.txt,10000,57,15,0,0,147063,75120,1,0,27,271
2025-11-22T05:31:13Z,random,./datasets/qsort/random/random_10000.txt,10000,58,16,0,0,160131,86722,1,0,29,251
2025-11-22T05:31:13Z,random,./datasets/qsort/random/random_10000.txt,10000,59,17,0,0,154945,76013,1,0,29,287
2025-11-22T05:31:13Z,random,./datasets/qsort/random/random_10000.txt,10000,60,18,0,0,149191,72528,1,0,30,255
2025-11-22T05:31:13Z,random,./datasets/qsort/random/random_10000.txt,10000,61,19,0,0,165338,78406,1,0,32,267
2025-11-22T05:31:13Z,random,./datasets/qsort/random/random_20000.txt,20000,42,0,1,1,326037,162606,1,0,34,521
2025-11-22T05:31:13Z,random,./datasets/qsort/random/random_20000.txt,20000,43,1,1,1,348964,163827,1,1,36,573
2025-11-22T05:31:13Z,random,./datasets/qsort/random/random_20000.txt,20000,44,2,1,1,325602,153954,1,0,31,562
2025-11-22T05:31:13Z,random,./datasets/qsort/random/random_20000.txt,20000,45,3,2,2,332159,166048,1,1,32,536
2025-11-22T05:31:13Z,random,./datasets/qsort/random/random_20000.txt,20000,46,4,1,1,334592,167026,1,0,32,538
2025-11-22T05:31:13Z,random,./datasets/qsort/random/random_20000.txt,20000,47,5,1,1,355551,191150,1,0,36,539
2025-11-22T05:31:13Z,random,./datasets/qsort/random/random_20000.txt,20000,48,6,1,1,343182,160157,1,0,36,530
2025-11-22T05:31:13Z,random,./datasets/qsort/random/random_20000.txt,20000,49,7,1,1,326967,176098,1,0,32,569
2025-11-22T05:31:13Z,random,./datasets/qsort/random/random_20000.txt,20000,50,8,1,1,339738,165863,1,0,39,531
2025-11-22T05:31:13Z,random,./datasets/qsort/random/random_20000.txt,20000,51,9,1,1,323845,156069,1,0,32,600
2025-11-22T05:31:13Z,random,./datasets/qsort/random/random_20000.txt,20000,52,10,1,1,326710,163113,1,0,33,539
2025-11-22T05:31:13Z,random,./datasets/qsort/random/random_20000.txt,20000,53,11,1,1,314798,155097,1,0,31,542
2025-11-22T05:31:13Z,random,./datasets/qsort/random/random_20000.txt,20000,54,12,1,1,325846,147424,1,0,31,558
2025-11-22T05:31:13Z,random,./datasets/qsort/random/random_20000.txt,20000,55,13,1,1,324794,174713,1,1,34,543
2025-11-22T05:31:13Z,random,./datasets/qsort/random/random_20000.txt,20000,56,14,1,1,352857,198306,1,0,36,529
2025-11-22T05:31:13Z,random,./datasets/qsort/random/random_20000.txt,20000,57,15,1,1,359061,168966,1,0,35,561
2025-11-22T05:31:13Z,random,./datasets/qsort/random/random_20000.txt,20000,58,16,1,1,333477,163663,1,0,31,539
2025-11-22T05:31:13Z,random,./datasets/qsort/random/random_20000.txt,20000,59,17,1,1,329649,157156,1,0,31,561
2025-11-22T05:31:13Z,random,./datasets/qsort/random/random_20000.txt,20000,60,18,1,1,324254,168665,1,1,36,583
2025-11-22T05:31:13Z,random,./datasets/qsort/random/random_20000.txt,20000,61,19,1,1,337061,178282,1,0,33,551
2025-11-22T05:31:13Z,random,./datasets/qsort/random/random_50000.txt,50000,42,0,2,2,986273,453727,1,2,42,1352
2025-11-22T05:31:13Z,random,./datasets/qsort/random/random_50000.txt,50000,43,1,4,4,937423,508036,1,3,37,1399
2025-11-22T05:31:13Z,random,./datasets/qsort/random/random_50000.txt,50000,44,2,2,2,980346,527615,1,2,36,1362
2025-11-22T05:31:13Z,random,./datasets/qsort/random/random_50000.txt,50000,45,3,2,2,908901,437107,1,2,35,1279
2025-11-22T05:31:13Z,random,./datasets/qsort/random/random_50000.txt,50000,46,4,2,2,922571,474116,1,2,42,1301
2025-11-22T05:31:13Z,random,./datasets/qsort/random/random_50000.txt,50000,47,5,3,3,931374,449166,1,2,38,1287
2025-11-22T05:31:13Z,random,./datasets/qsort/random/random_50000.txt,50000,48,6,3,3,903980,435335,1,3,36,1281
2025-11-22T05:31:13Z,random,./datasets/qsort/random/random_50000.txt,50000,49,7,2,2,920979,457696,1,2,37,1386
2025-11-22T05:31:13Z,random,./datasets/qsort/random/random_50000.txt,50000,50,8,2,2,984954,471522,1,2,40,1375
2025-11-22T05:31:13Z,random,./datasets/qsort/random/random_50000.txt,50000,51,9,2,2,1009529,502034,1,2,38,1311
2025-11-22T05:31:13Z,random,./datasets/qsort/random/random_50000.txt,50000,52,10,2,2,933609,451380,1,2,36,1393
2025-11-22T05:31:13Z,random,./datasets/qsort/random/random_50000.txt,50000,53,11,2,2,925842,426122,1,2,37,1345
2025-11-22T05:31:13Z,random,./datasets/qsort/random/random_50000.txt,50000,54,12,2,2,911530,504789,1,2,35,1300
2025-11-22T05:31:13Z,random,./datasets/qsort/random/random_50000.txt,50000,55,13,2,2,910166,457721,1,2,36,1304
2025-11-22T05:31:13Z,random,./datasets/qsort/random/random_50000.txt,50000,56,14,3,3,920025,435996,1,2,35,1353
2025-11-22T05:31:13Z,random,./datasets/qsort/random/random_50000.txt,50000,57,15,3,3,1033169,518497,1,2,42,1280
2025-11-22T05:31:13Z,random,./datasets/qsort/random/random_50000.txt,50000,58,16,3,3,927402,447203,1,2,40,1349
2025-11-22T05:31:13Z,random,./datasets/qsort/random/random_50000.txt,50000,59,17,2,2,985234,491556,1,2,41,1322
2025-11-22T05:31:13Z,random,./datasets/qsort/random/random_50000.txt,50000,60,18,2,2,933978,470980,1,2,37,1362
2025-11-22T05:31:13Z,random,./datasets/qsort/random/random_50000.txt,50000,61,19,2,2,972975,421865,1,2,37,1308
2025-11-22T05:31:13Z,random,./datasets/qsort/random/random_50000.txt,50000,62,20,4,4,979354,507158,1,2,40,1323
2025-11-22T05:31:13Z,random,./datasets/qsort/random/random_50000.txt,50000,63,21,3,3,892643,451786,1,2,35,1318
2025-11-22T05:31:13Z,random,./datasets/qsort/random/random_50000.txt,50000,64,22,2,2,911283,461381,1,2,37,1380
2025-11-22T05:31:13Z,random,./datasets/qsort/random/random_50000.txt,50000,65,23,2,2,984050,485263,1,2,43,1287
2025-11-22T05:31:13Z,random,./datasets/qsort/random/random_50000.txt,50000,66,24,2,2,933353,428469,1,2,35,1321
2025-11-22T05:31:13Z,random,./datasets/qsort/random/random_50000.txt,50000,67,25,2,2,934326,476027,1,2,35,1353
2025-11-22T05:31:13Z,random,./datasets/qsort/random/random_50000.txt,50000,68,26,2,2,937778,479790,1,2,36,1364
2025-11-22T05:31:13Z,random,./datasets/qsort/random/random_50000.txt,50000,69,27,2,2,919731,472708,1,2,38,1380
2025-11-22T05:31:13Z,random,./datasets/qsort/random/random_50000.txt,50000,70,28,2,2,919653,438376,1,2,33,1357
2025-11-22T05:31:13Z,random,./datasets/qsort/random/random_50000.txt,50000,71,29,2,2,931021,455651,1,2,37,1354
2025-11-22T05:31:13Z,random,./datasets/qsort/random/random_50000.txt,50000,72,30,2,2,884388,417298,1,2,36,1368
2025-11-22T05:31:13Z,random,./datasets/qsort/random/random_50000.txt,50000,73,31,2,2,904230,452781,1,2,41,1271
2025-11-22T05:31:13Z,random,./datasets/qsort/random/random_50000.txt,50000,74,32,2,2,961112,446774,1,2,41,1400
2025-11-22T05:31:13Z,random,./datasets/qsort/random/random_50000.txt,50000,75,33,4,4,936067,458868,1,2,35,1329
2025-11-22T05:31:13Z,random,./datasets/qsort/random/random_50000.txt,50000,76,34,3,3,897052,445821,1,2,33,1369
2025-11-22T05:31:13Z,random,./datasets/qsort/random/random_50000.txt,50000,77,35,3,3,963521,481094,1,2,35,1419
2025-11-22T05:31:13Z,random,./datasets/qsort/random/random_50000.txt,50000,78,36,2,2,926481,497022,1,2,33,1330
2025-11-22T05:31:13Z,random,./datasets/qsort/random/random_50000.txt,50000,79,37,2,2,970058,496811,1,2,41,1310
2025-11-22T05:31:13Z,random,./datasets/qsort/random/random_50000.txt,50000,80,38,3,3,900118,466720,1,2,35,1292
2025-11-22T05:31:13Z,random,./datasets/qsort/random/random_50000.txt,50000,81,39,3,3,915095,435369,1,2,35,1337
2025-11-22T05:31:13Z,random,./datasets/qsort/random/random_50000.txt,50000,82,40,3,3,893300,450053,1,3,34,1303
2025-11-22T05:31:13Z,random,./datasets/qsort/random/random_50000.txt,50000,83,41,2,2,960921,472711,1,2,37,1319
2025-11-22T05:31:13Z,random,./datasets/qsort/random/random_50000.txt,50000,84,42,2,2,922381,471088,1,2,39,1386
2025-11-22T05:31:13Z,random,./datasets/qsort/random/random_50000.txt,50000,85,43,2,2,921598,451788,1,2,36,1373
2025-11-22T05:31:13Z,random,./datasets/qsort/random/random_50000.txt,50000,86,44,2,2,976046,459668,1,2,37,1371
2025-11-22T05:31:13Z,random,./datasets/qsort/random/random_50000.txt,50000,87,45,2,2,957379,499033,1,2,38,1384
2025-11-22T05:31:13Z,random,./datasets/qsort/random/random_50000.txt,50000,88,46,2,2,911339,447695,1,2,35,1358
2025-11-22T05:31:13Z,random,./datasets/qsort/random/random_50000.txt,50000,89,47,2,2,912083,421003,1,2,36,1393
2025-11-22T05:31:13Z,random,./datasets/qsort/random/random_50000.txt,50000,90,48,2,2,973806,473762,1,2,41,1281
2025-11-22T05:31:13Z,random,./datasets/qsort/random/random_50000.txt,50000,91,49,2,2,938298,435815,1,2,38,1340
2025-11-22T05:31:13Z,random,./datasets/qsort/random/random_50000.txt,50000,92,50,4,4,964987,520279,1,2,38,1326
2025-11-22T05:31:13Z,random,./datasets/qsort/random/random_50000.txt,50000,93,51,2,2,981027,513920,1,2,35,1337
2025-11-22T05:31:13Z,random,./datasets/qsort/random/random_50000.txt,50000,94,52,2,2,1001204,539448,1,2,42,1377
2025-11-22T05:31:13Z,random,./datasets/qsort/random/random_50000.txt,50000,95,53,2,2,911612,451206,1,2,33,1290
2025-11-22T05:31:13Z,random,./datasets/qsort/random/random_50000.txt,50000,96,54,4,4,933639,480520,1,2,35,1373
2025-11-22T05:31:13Z,random,./datasets/qsort/random/random_50000.txt,50000,97,55,2,2,899648,435307,1,2,34,1359
2025-11-22T05:31:13Z,random,./datasets/qsort/random/random_50000.txt,50000,98,56,2,2,965970,475513,1,2,36,1333
2025-11-22T05:31:13Z,random,./datasets/qsort/random/random_50000.txt,50000,99,57,2,2,963982,511049,1,2,38,1386
2025-11-22T05:31:13Z,random,./datasets/qsort/random/random_50000.txt,50000,100,58,2,2,932930,445089,1,2,36,1388
2025-11-22T05:31:14Z,random,./datasets/qsort/random/random_50000.txt,50000,101,59,2,2,965248,480990,1,2,38,1345
2025-11-22T05:31:14Z,random,./datasets/qsort/random/random_50000.txt,50000,102,60,3,3,948623,516034,1,2,34,1372
2025-11-22T05:31:14Z,random,./datasets/qsort/random/random_50000.txt,50000,103,61,3,3,896104,447645,1,2,34,1333
2025-11-22T05:31:14Z,random,./datasets/qsort/random/random_50000.txt,50000,104,62,2,2,925303,481290,1,2,36,1325
2025-11-22T05:31:14Z,random,./datasets/qsort/random/random_50000.txt,50000,105,63,2,2,929357,504520,1,2,37,1342
2025-11-22T05:31:14Z,random,./datasets/qsort/random/random_50000.txt,50000,106,64,2,2,947993,462844,1,2,35,1408
2025-11-22T05:31:14Z,random,./datasets/qsort/random/random_50000.txt,50000,107,65,2,2,943119,458537,1,2,40,1387
2025-11-22T05:31:14Z,random,./datasets/qsort/random/random_50000.txt,50000,108,66,2,2,932685,501390,1,2,37,1332
2025-11-22T05:31:14Z,random,./datasets/qsort/random/random_50000.txt,50000,109,67,2,2,897049,433778,1,2,35,1392
2025-11-22T05:31:14Z,random,./datasets/qsort/random/random_50000.txt,50000,110,68,2,2,936563,498483,1,2,38,1311
2025-11-22T05:31:14Z,random,./datasets/qsort/random/random_50000.txt,50000,111,69,2,2,934921,413023,1,2,38,1313
2025-11-22T05:31:14Z,random,./datasets/qsort/random/random_50000.txt,50000,112,70,2,2,937263,494046,1,2,36,1402
2025-11-22T05:31:14Z,random,./datasets/qsort/random/random_50000.txt,50000,113,71,2,2,917405,446257,1,2,36,1314
2025-11-22T05:31:14Z,random,./datasets/qsort/random/random_50000.txt,50000,114,72,2,2,944226,512159,1,2,36,1290
2025-11-22T05:31:14Z,random,./datasets/qsort/random/random_50000.txt,50000,115,73,2,2,938549,473444,1,2,35,1364
2025-11-22T05:31:14Z,random,./datasets/qsort/random/random_50000.txt,50000,116,74,3,3,956024,419356,1,2,37,1346
2025-11-22T05:31:14Z,random,./datasets/qsort/random/random_50000.txt,50000,117,75,3,3,963577,511571,1,2,38,1269
2025-11-22T05:31:14Z,random,./datasets/qsort/random/random_50000.txt,50000,118,76,2,2,944599,491992,1,2,35,1341
2025-11-22T05:31:14Z,random,./datasets/qsort/random/random_50000.txt,50000,119,77,2,2,893049,449393,1,2,36,1383
2025-11-22T05:31:14Z,random,./datasets/qsort/random/random_50000.txt,50000,120,78,2,2,909708,455522,1,2,38,1289
2025-11-22T05:31:14Z,random,./datasets/qsort/random/random_50000.txt,50000,121,79,2,2,919230,496450,1,2,35,1377
2025-11-22T05:31:14Z,random,./datasets/qsort/random/random_50000.txt,50000,122,80,2,2,917249,485125,1,2,35,1381
2025-11-22T05:31:14Z,random,./datasets/qsort/random/random_50000.txt,50000,123,81,3,2,937600,456594,1,2,38,1313
2025-11-22T05:31:14Z,random,./datasets/qsort/random/random_50000.txt,50000,124,82,2,2,942098,477097,1,2,41,1367
2025-11-22T05:31:14Z,random,./datasets/qsort/random/random_50000.txt,50000,125,83,2,2,951877,463083,1,2,34,1316
2025-11-22T05:31:14Z,random,./datasets/qsort/random/random_50000.txt,50000,126,84,2,2,951899,481274,1,2,36,1320
2025-11-22T05:31:14Z,random,./datasets/qsort/random/random_50000.txt,50000,127,85,2,2,893242,455053,1,2,35,1317
2025-11-22T05:31:14Z,random,./datasets/qsort/random/random_50000.txt,50000,128,86,2,2,919616,441640,1,2,36,1375
2025-11-22T05:31:14Z,random,./datasets/qsort/random/random_50000.txt,50000,129,87,2,2,930180,442490,1,2,36,1413
2025-11-22T05:31:14Z,random,./datasets/qsort/random/random_50000.txt,50000,130,88,2,2,967512,454109,1,2,38,1408
2025-11-22T05:31:14Z,random,./datasets/qsort/random/random_50000.txt,50000,131,89,2,2,898885,435469,1,2,34,1387
2025-11-22T05:31:14Z,random,./datasets/qsort/random/random_50000.txt,50000,132,90,2,2,905198,441134,1,2,37,1408
2025-11-22T05:31:14Z,random,./datasets/qsort/random/random_50000.txt,50000,133,91,3,3,913111,475810,1,2,38,1364
2025-11-22T05:31:14Z,random,./datasets/qsort/random/random_50000.txt,50000,134,92,2,2,908054,450647,1,2,37,1364
2025-11-22T05:31:14Z,random,./datasets/qsort/random/random_50000.txt,50000,135,93,2,2,945002,464898,1,2,35,1351
2025-11-22T05:31:14Z,random,./datasets/qsort/random/random_50000.txt,50000,136,94,2,2,909377,426415,1,2,38,1376
2025-11-22T05:31:14Z,random,./datasets/qsort/random/random_50000.txt,50000,137,95,2,2,939067,499824,1,2,37,1351
2025-11-22T05:31:14Z,random,./datasets/qsort/random/random_50000.txt,50000,138,96,2,2,970027,467650,1,2,39,1324
2025-11-22T05:31:14Z,random,./datasets/qsort/random/random_50000.txt,50000,139,97,2,2,938954,441345,1,2,38,1375
2025-11-22T05:31:14Z,random,./datasets/qsort/random/random_50000.txt,50000,140,98,2,2,962188,491606,1,2,39,1391
2025-11-22T05:31:14Z,random,./datasets/qsort/random/random_50000.txt,50000,141,99,2,2,938886,468264,1,2,38,1287
2025-11-22T05:31:14Z,random,./datasets/qsort/random/random_100000.txt,100000,42,0,6,6,2028989,979967,1,4,36,2639
2025-11-22T05:31:14Z,random,./datasets/qsort/random/random_100000.txt,100000,43,1,9,9,1950321,1014290,1,7,36,2756
2025-11-22T05:31:14Z,random,./datasets/qsort/random/random_100000.txt,100000,44,2,5,5,1945948,978926,1,4,38,2635
2025-11-22T05:31:14Z,random,./datasets/qsort/random/random_100000.txt,100000,45,3,5,5,1949031,1029208,1,4,40,2732
2025-11-22T05:31:14Z,random,./datasets/qsort/random/random_100000.txt,100000,46,4,5,5,2069147,1005970,1,4,41,2715
2025-11-22T05:31:14Z,random,./datasets/qsort/random/random_100000.txt,100000,47,5,5,5,2138142,1073882,1,4,42,2694
2025-11-22T05:31:14Z,random,./datasets/qsort/random/random_100000.txt,100000,48,6,6,6,2046370,1014482,1,4,40,2684
2025-11-22T05:31:14Z,random,./datasets/qsort/random/random_100000.txt,100000,49,7,5,5,1996779,1014815,1,4,36,2689
2025-11-22T05:31:14Z,random,./datasets/qsort/random/random_100000.txt,100000,50,8,5,5,1898412,929168,1,4,37,2556
2025-11-22T05:31:14Z,random,./datasets/qsort/random/random_100000.txt,100000,51,9,5,5,1959437,1076146,1,4,38,2743
2025-11-22T05:31:14Z,random,./datasets/qsort/random/random_100000.txt,100000,52,10,5,5,1995521,1001999,1,4,39,2697
2025-11-22T05:31:14Z,random,./datasets/qsort/random/random_100000.txt,100000,53,11,5,5,2091975,1075971,1,4,41,2678
2025-11-22T05:31:14Z,random,./datasets/qsort/random/random_100000.txt,100000,54,12,5,5,2177714,1118077,1,4,42,2756
2025-11-22T05:31:14Z,random,./datasets/qsort/random/random_100000.txt,100000,55,13,5,5,2035865,1024529,1,4,39,2697
2025-11-22T05:31:14Z,random,./datasets/qsort/random/random_100000.txt,100000,56,14,5,5,1977169,983104,1,4,39,2709
2025-11-22T05:31:14Z,random,./datasets/qsort/random/random_100000.txt,100000,57,15,5,5,1954531,1039474,1,4,39,2630
2025-11-22T05:31:14Z,random,./datasets/qsort/random/random_100000.txt,100000,58,16,5,5,1964575,982215,1,4,37,2554
2025-11-22T05:31:14Z,random,./datasets/qsort/random/random_100000.txt,100000,59,17,5,5,1920233,955916,1,4,37,2608
2025-11-22T05:31:14Z,random,./datasets/qsort/random/random_100000.txt,100000,60,18,5,5,2031748,1043035,1,4,39,2704
2025-11-22T05:31:14Z,random,./datasets/qsort/random/random_100000.txt,100000,61,19,5,5,2013348,951119,1,4,38,2712
2025-11-22T05:31:14Z,reverse_sorted,./datasets/qsort/reverse_sorted/reverse_sorted_100.txt,100,42,0,0,0,668,306,1,0,13,4
2025-11-22T05:31:14Z,reverse_sorted,./datasets/qsort/reverse_sorted/reverse_sorted_100.txt,100,43,1,0,0,607,348,1,0,12,2
2025-11-22T05:31:14Z,reverse_sorted,./datasets/qsort/reverse_sorted/reverse_sorted_100.txt,100,44,2,0,0,615,280,1,0,11,1
2025-11-22T05:31:14Z,reverse_sorted,./datasets/qsort/reverse_sorted/reverse_sorted_100.txt,100,45,3,0,0,676,314,1,0,12,2
2025-11-22T05:31:14Z,reverse_sorted,./datasets/qsort/reverse_sorted/reverse_sorted_100.txt,100,46,4,0,0,589,290,1,0,11,0
2025-11-22T05:31:14Z,reverse_sorted,./datasets/qsort/reverse_sorted/reverse_sorted_100.txt,100,47,5,0,0,682,302,1,0,12,4
2025-11-22T05:31:14Z,reverse_sorted,./datasets/qsort/reverse_sorted/reverse_sorted_100.txt,100,48,6,0,0,728,372,1,0,14,4
2025-11-22T05:31:14Z,reverse_sorted,./datasets/qsort/reverse_sorted/reverse_sorted_100.txt,100,49,7,0,0,615,326,1,0,12,2
2025-11-22T05:31:14Z,reverse_sorted,./datasets/qsort/reverse_sorted/reverse_sorted_100.txt,100,50,8,0,0,615,336,1,0,11,2
2025-11-22T05:31:14Z,reverse_sorted,./datasets/qsort/reverse_sorted/reverse_sorted_100.txt,100,51,9,0,0,599,260,1,0,12,3
2025-11-22T05:31:14Z,reverse_sorted,./datasets/qsort/reverse_sorted/reverse_sorted_100.txt,100,52,10,0,0,615,290,1,0,11,1
2025-11-22T05:31:14Z,reverse_sorted,./datasets/qsort/reverse_sorted/reverse_sorted_100.txt,100,53,11,0,0,735,246,1,0,17,4
2025-11-22T05:31:14Z,reverse_sorted,./datasets/qsort/reverse_sorted/reverse_sorted_100.txt,100,54,12,0,0,651,330,1,0,16,3
2025-11-22T05:31:14Z,reverse_sorted,./datasets/qsort/reverse_sorted/reverse_sorted_100.txt,100,55,13,0,0,665,320,1,0,12,2
2025-11-22T05:31:14Z,reverse_sorted,./datasets/qsort/reverse_sorted/reverse_sorted_100.txt,100,56,14,0,0,763,376,1,0,14,3
2025-11-22T05:31:15Z,reverse_sorted,./datasets/qsort/reverse_sorted/reverse_sorted_100.txt,100,57,15,0,0,628,340,1,0,11,3
2025-11-22T05:31:15Z,reverse_sorted,./datasets/qsort/reverse_sorted/reverse_sorted_100.txt,100,58,16,0,0,592,260,1,0,10,1
2025-11-22T05:31:15Z,reverse_sorted,./datasets/qsort/reverse_sorted/reverse_sorted_100.txt,100,59,17,0,0,628,326,1,0,10,1
2025-11-22T05:31:15Z,reverse_sorted,./datasets/qsort/reverse_sorted/reverse_sorted_100.txt,100,60,18,0,0,600,276,1,0,10,1
2025-11-22T05:31:15Z,reverse_sorted,./datasets/qsort/reverse_sorted/reverse_sorted_100.txt,100,61,19,0,0,665,214,1,0,13,2
2025-11-22T05:31:15Z,reverse_sorted,./datasets/qsort/reverse_sorted/reverse_sorted_1000.txt,1000,42,0,0,0,10817,4432,1,0,23,38
2025-11-22T05:31:15Z,reverse_sorted,./datasets/qsort/reverse_sorted/reverse_sorted_1000.txt,1000,43,1,0,0,10831,5212,1,0,21,23
2025-11-22T05:31:15Z,reverse_sorted,./datasets/qsort/reverse_sorted/reverse_sorted_1000.txt,1000,44,2,0,0,11417,4500,1,0,20,21
2025-11-22T05:31:15Z,reverse_sorted,./datasets/qsort/reverse_sorted/reverse_sorted_1000.txt,1000,45,3,0,0,12385,3456,1,0,23,26
2025-11-22T05:31:15Z,reverse_sorted,./datasets/qsort/reverse_sorted/reverse_sorted_1000.txt,1000,46,4,0,0,11279,4382,1,0,21,31
2025-11-22T05:31:15Z,reverse_sorted,./datasets/qsort/reverse_sorted/reverse_sorted_1000.txt,1000,47,5,0,0,11010,4508,1,0,21,32
2025-11-22T05:31:15Z,reverse_sorted,./datasets/qsort/reverse_sorted/reverse_sorted_1000.txt,1000,48,6,0,0,11753,5224,1,0,22,37
2025-11-22T05:31:15Z,reverse_sorted,./datasets/qsort/reverse_sorted/reverse_sorted_1000.txt,1000,49,7,0,0,10494,4632,1,0,21,22
2025-11-22T05:31:15Z,reverse_sorted,./datasets/qsort/reverse_sorted/reverse_sorted_1000.txt,1000,50,8,0,0,10667,5638,1,0,20,33
2025-11-22T05:31:15Z,reverse_sorted,./datasets/qsort/reverse_sorted/reverse_sorted_1000.txt,1000,51,9,0,0,10362,4732,1,0,20,28
2025-11-22T05:31:15Z,reverse_sorted,./datasets/qsort/reverse_sorted/reverse_sorted_1000.txt,1000,52,10,0,0,11555,4178,1,0,22,29
2025-11-22T05:31:15Z,reverse_sorted,./datasets/qsort/reverse_sorted/reverse_sorted_1000.txt,1000,53,11,0,0,11376,3874,1,0,20,24
2025-11-22T05:31:15Z,reverse_sorted,./datasets/qsort/reverse_sorted/reverse_sorted_1000.txt,1000,54,12,0,0,10850,4734,1,0,22,16
2025-11-22T05:31:15Z,reverse_sorted,./datasets/qsort/reverse_sorted/reverse_sorted_1000.txt,1000,55,13,0,0,11508,5016,1,0,20,29
2025-11-22T05:31:15Z,reverse_sorted,./datasets/qsort/reverse_sorted/reverse_sorted_1000.txt,1000,56,14,0,0,11338,4786,1,0,23,26
2025-11-22T05:31:15Z,reverse_sorted,./datasets/qsort/reverse_sorted/reverse_sorted_1000.txt,1000,57,15,0,0,10981,5120,1,0,22,23
2025-11-22T05:31:15Z,reverse_sorted,./datasets/qsort/reverse_sorted/reverse_sorted_1000.txt,1000,58,16,0,0,11527,4590,1,0,22,32
2025-11-22T05:31:15Z,reverse_sorted,./datasets/qsort/reverse_sorted/reverse_sorted_1000.txt,1000,59,17,0,0,11039,4562,1,0,23,24
2025-11-22T05:31:15Z,reverse_sorted,./datasets/qsort/reverse_sorted/reverse_sorted_1000.txt,1000,60,18,0,0,10597,4392,1,0,20,19
2025-11-22T05:31:15Z,reverse_sorted,./datasets/qsort/reverse_sorted/reverse_sorted_1000.txt,1000,61,19,0,0,10811,3912,1,0,21,25
2025-11-22T05:31:15Z,reverse_sorted,./datasets/qsort/reverse_sorted/reverse_sorted_2000.txt,2000,42,0,0,0,22619,10432,1,0,22,41
2025-11-22T05:31:15Z,reverse_sorted,./datasets/qsort/reverse_sorted/reverse_sorted_2000.txt,2000,43,1,0,0,24874,11490,1,0,22,63
2025-11-22T05:31:15Z,reverse_sorted,./datasets/qsort/reverse_sorted/reverse_sorted_2000.txt,2000,44,2,0,0,23471,8872,1,0,23,34
2025-11-22T05:31:15Z,reverse_sorted,./datasets/qsort/reverse_sorted/reverse_sorted_2000.txt,2000,45,3,0,0,26516,11822,1,0,25,38
2025-11-22T05:31:15Z,reverse_sorted,./datasets/qsort/reverse_sorted/reverse_sorted_2000.txt,2000,46,4,0,0,24898,9428,1,0,26,48
2025-11-22T05:31:15Z,reverse_sorted,./datasets/qsort/reverse_sorted/reverse_sorted_2000.txt,2000,47,5,0,0,25257,11026,1,0,23,64
2025-11-22T05:31:15Z,reverse_sorted,./datasets/qsort/reverse_sorted/reverse_sorted_2000.txt,2000,48,6,0,0,25458,11740,1,0,24,71
2025-11-22T05:31:15Z,reverse_sorted,./datasets/qsort/reverse_sorted/reverse_sorted_2000.txt,2000,49,7,0,0,24055,9904,1,0,21,58
2025-11-22T05:31:15Z,reverse_sorted,./datasets/qsort/reverse_sorted/reverse_sorted_2000.txt,2000,50,8,0,0,23826,11758,1,0,23,39
2025-11-22T05:31:15Z,reverse_sorted,./datasets/qsort/reverse_sorted/reverse_sorted_2000.txt,2000,51,9,0,0,23828,9894,1,0,24,57
2025-11-22T05:31:15Z,reverse_sorted,./datasets/qsort/reverse_sorted/reverse_sorted_2000.txt,2000,52,10,0,0,24169,8884,1,0,25,47
2025-11-22T05:31:15Z,reverse_sorted,./datasets/qsort/reverse_sorted/reverse_sorted_2000.txt,2000,53,11,0,0,25492,9058,1,0,30,51
2025-11-22T05:31:15Z,reverse_sorted,./datasets/qsort/reverse_sorted/reverse_sorted_2000.txt,2000,54,12,0,0,25393,10402,1,0,24,68
2025-11-22T05:31:15Z,reverse_sorted,./datasets/qsort/reverse_sorted/reverse_sorted_2000.txt,2000,55,13,0,0,25825,11094,1,0,23,55
2025-11-22T05:31:15Z,reverse_sorted,./datasets/qsort/reverse_sorted/reverse_sorted_2000.txt,2000,56,14,0,0,25966,9820,1,0,24,48
2025-11-22T05:31:15Z,reverse_sorted,./datasets/qsort/reverse_sorted/reverse_sorted_2000.txt,2000,57,15,0,0,23819,10748,1,0,23,63
2025-11-22T05:31:15Z,reverse_sorted,./datasets/qsort/reverse_sorted/reverse_sorted_2000.txt,2000,58,16,0,0,24097,9418,1,0,23,55
2025-11-22T05:31:15Z,reverse_sorted,./datasets/qsort/reverse_sorted/reverse_sorted_2000.txt,2000,59,17,0,0,25286,10178,1,0,23,59
2025-11-22T05:31:15Z,reverse_sorted,./datasets/qsort/reverse_sorted/reverse_sorted_2000.txt,2000,60,18,0,0,22576,9894,1,0,22,48
2025-11-22T05:31:15Z,reverse_sorted,./datasets/qsort/reverse_sorted/reverse_sorted_2000.txt,2000,61,19,0,0,24459,8220,1,0,25,53
2025-11-22T05:31:15Z,reverse_sorted,./datasets/qsort/reverse_sorted/reverse_sorted_5000.txt,5000,42,0,0,0,69861,28064,1,0,26,143
2025-11-22T05:31:15Z,reverse_sorted,./datasets/qsort/reverse_sorted/reverse_sorted_5000.txt,5000,43,1,0,0,70483,32044,1,0,25,146
2025-11-22T05:31:15Z,reverse_sorted,./datasets/qsort/reverse_sorted/reverse_sorted_5000.txt,5000,44,2,0,0,72227,24996,1,0,30,147
2025-11-22T05:31:15Z,reverse_sorted,./datasets/qsort/reverse_sorted/reverse_sorted_5000.txt,5000,45,3,0,0,80006,35618,1,0,32,141
2025-11-22T05:31:15Z,reverse_sorted,./datasets/qsort/reverse_sorted/reverse_sorted_5000.txt,5000,46,4,0,0,72260,26200,1,0,28,125
2025-11-22T05:31:15Z,reverse_sorted,./datasets/qsort/reverse_sorted/reverse_sorted_5000.txt,5000,47,5,0,0,71801,30718,1,0,27,109
2025-11-22T05:31:15Z,reverse_sorted,./datasets/qsort/reverse_sorted/reverse_sorted_5000.txt,5000,48,6,0,0,73845,32902,1,0,33,136
2025-11-22T05:31:15Z,reverse_sorted,./datasets/qsort/reverse_sorted/reverse_sorted_5000.txt,5000,49,7,0,0,66855,29628,1,0,24,140
2025-11-22T05:31:15Z,reverse_sorted,./datasets/qsort/reverse_sorted/reverse_sorted_5000.txt,5000,50,8,0,0,70139,30966,1,0,27,123
2025-11-22T05:31:15Z,reverse_sorted,./datasets/qsort/reverse_sorted/reverse_sorted_5000.txt,5000,51,9,0,0,67885,28794,1,0,28,132
2025-11-22T05:31:15Z,reverse_sorted,./datasets/qsort/reverse_sorted/reverse_sorted_5000.txt,5000,52,10,0,0,73798,30856,1,0,30,127
2025-11-22T05:31:15Z,reverse_sorted,./datasets/qsort/reverse_sorted/reverse_sorted_5000.txt,5000,53,11,0,0,70597,26612,1,0,28,127
2025-11-22T05:31:15Z,reverse_sorted,./datasets/qsort/reverse_sorted/reverse_sorted_5000.txt,5000,54,12,0,0,71675,30212,1,0,29,141
2025-11-22T05:31:15Z,reverse_sorted,./datasets/qsort/reverse_sorted/reverse_sorted_5000.txt,5000,55,13,0,0,70421,29142,1,0,26,131
2025-11-22T05:31:15Z,reverse_sorted,./datasets/qsort/reverse_sorted/reverse_sorted_5000.txt,5000,56,14,0,0,74886,26130,1,0,26,129
2025-11-22T05:31:15Z,reverse_sorted,./datasets/qsort/reverse_sorted/reverse_sorted_5000.txt,5000,57,15,0,0,70307,28312,1,0,27,150
2025-11-22T05:31:15Z,reverse_sorted,./datasets/qsort/reverse_sorted/reverse_sorted_5000.txt,5000,58,16,0,0,71144,28452,1,0,30,155
2025-11-22T05:31:15Z,reverse_sorted,./datasets/qsort/reverse_sorted/reverse_sorted_5000.txt,5000,59,17,0,0,75540,26496,1,0,27,139
2025-11-22T05:31:15Z,reverse_sorted,./datasets/qsort/reverse_sorted/reverse_sorted_5000.txt,5000,60,18,0,0,67869,29522,1,0,25,110
2025-11-22T05:31:15Z,reverse_sorted,./datasets/qsort/reverse_sorted/reverse_sorted_5000.txt,5000,61,19,0,0,74482,26664,1,0,27,126
2025-11-22T05:31:15Z,reverse_sorted,./datasets/qsort/reverse_sorted/reverse_sorted_10000.txt,10000,42,0,0,0,162976,57848,1,0,32,274
2025-11-22T05:31:15Z,reverse_sorted,./datasets/qsort/reverse_sorted/reverse_sorted_10000.txt,10000,43,1,0,0,152647,64912,1,0,33,274
2025-11-22T05:31:15Z,reverse_sorted,./datasets/qsort/reverse_sorted/reverse_sorted_10000.txt,10000,44,2,0,0,155472,59500,1,0,29,249
2025-11-22T05:31:15Z,reverse_sorted,./datasets/qsort/reverse_sorted/reverse_sorted_10000.txt,10000,45,3,0,0,162576,52110,1,0,29,264
2025-11-22T05:31:15Z,reverse_sorted,./datasets/qsort/reverse_sorted/reverse_sorted_10000.txt,10000,46,4,0,0,163634,50894,1,0,33,264
2025-11-22T05:31:15Z,reverse_sorted,./datasets/qsort/reverse_sorted/reverse_sorted_10000.txt,10000,47,5,0,0,168975,60818,1,0,32,274
2025-11-22T05:31:15Z,reverse_sorted,./datasets/qsort/reverse_sorted/reverse_sorted_10000.txt,10000,48,6,0,0,158164,68184,1,0,30,252
2025-11-22T05:31:15Z,reverse_sorted,./datasets/qsort/reverse_sorted/reverse_sorted_10000.txt,10000,49,7,0,0,154074,67038,1,0,28,259
2025-11-22T05:31:15Z,reverse_sorted,./datasets/qsort/reverse_sorted/reverse_sorted_10000.txt,10000,50,8,0,0,157100,65290,1,0,29,269
2025-11-22T05:31:15Z,reverse_sorted,./datasets/qsort/reverse_sorted/reverse_sorted_10000.txt,10000,51,9,0,0,145166,57772,1,0,27,298
2025-11-22T05:31:15Z,reverse_sorted,./datasets/qsort/reverse_sorted/reverse_sorted_10000.txt,10000,52,10,0,0,151907,57164,1,0,28,261
2025-11-22T05:31:15Z,reverse_sorted,./datasets/qsort/reverse_sorted/reverse_sorted_10000.txt,10000,53,11,0,0,157802,56708,1,0,32,289
2025-11-22T05:31:15Z,reverse_sorted,./datasets/qsort/reverse_sorted/reverse_sorted_10000.txt,10000,54,12,0,0,154920,71512,1,0,32,285
2025-11-22T05:31:15Z,reverse_sorted,./datasets/qsort/reverse_sorted/reverse_sorted_10000.txt,10000,55,13,0,0,159583,58498,1,0,28,288
2025-11-22T05:31:15Z,reverse_sorted,./datasets/qsort/reverse_sorted/reverse_sorted_10000.txt,10000,56,14,0,0,155400,56666,1,0,28,250
2025-11-22T05:31:15Z,reverse_sorted,./datasets/qsort/reverse_sorted/reverse_sorted_10000.txt,10000,57,15,0,0,151972,67536,1,0,31,268
2025-11-22T05:31:15Z,reverse_sorted,./datasets/qsort/reverse_sorted/reverse_sorted_10000.txt,10000,58,16,0,0,148744,58444,1,0,29,256
2025-11-22T05:31:15Z,reverse_sorted,./datasets/qsort/reverse_sorted/reverse_sorted_10000.txt,10000,59,17,0,0,169848,57730,1,0,33,279
2025-11-22T05:31:15Z,reverse_sorted,./datasets/qsort/reverse_sorted/reverse_sorted_10000.txt,10000,60,18,0,0,152370,59850,1,0,31,300
2025-11-22T05:31:15Z,reverse_sorted,./datasets/qsort/reverse_sorted/reverse_sorted_10000.txt,10000,61,19,0,0,146558,58564,1,0,27,249
2025-11-22T05:31:15Z,reverse_sorted,./datasets/qsort/reverse_sorted/reverse_sorted_20000.txt,20000,42,0,1,1,333078,123758,1,0,32,500
2025-11-22T05:31:15Z,reverse_sorted,./datasets/qsort/reverse_sorted/reverse_sorted_20000.txt,20000,43,1,0,0,338421,147044,1,0,34,551
2025-11-22T05:31:15Z,reverse_sorted,./datasets/qsort/reverse_sorted/reverse_sorted_20000.txt,20000,44,2,0,0,326224,133366,1,0,30,535
2025-11-22T05:31:15Z,reverse_sorted,./datasets/qsort/reverse_sorted/reverse_sorted_20000.txt,20000,45,3,0,0,371612,132504,1,0,34,557
2025-11-22T05:31:15Z,reverse_sorted,./datasets/qsort/reverse_sorted/reverse_sorted_20000.txt,20000,46,4,1,1,334179,125926,1,0,32,512
2025-11-22T05:31:15Z,reverse_sorted,./datasets/qsort/reverse_sorted/reverse_sorted_20000.txt,20000,47,5,0,0,358630,134636,1,0,36,512
2025-11-22T05:31:15Z,reverse_sorted,./datasets/qsort/reverse_sorted/reverse_sorted_20000.txt,20000,48,6,1,1,349448,148212,1,0,37,553
2025-11-22T05:31:15Z,reverse_sorted,./datasets/qsort/reverse_sorted/reverse_sorted_20000.txt,20000,49,7,1,1,328646,132144,1,0,31,557
2025-11-22T05:31:15Z,reverse_sorted,./datasets/qsort/reverse_sorted/reverse_sorted_20000.txt,20000,50,8,0,0,331355,142808,1,0,31,561
2025-11-22T05:31:15Z,reverse_sorted,./datasets/qsort/reverse_sorted/reverse_sorted_20000.txt,20000,51,9,0,0,332483,133540,1,0,34,501
2025-11-22T05:31:15Z,reverse_sorted,./datasets/qsort/reverse_sorted/reverse_sorted_20000.txt,20000,52,10,0,0,347964,124322,1,0,36,543
2025-11-22T05:31:15Z,reverse_sorted,./datasets/qsort/reverse_sorted/reverse_sorted_20000.txt,20000,53,11,0,0,330395,122276,1,0,32,537
2025-11-22T05:31:15Z,reverse_sorted,./datasets/qsort/reverse_sorted/reverse_sorted_20000.txt,20000,54,12,0,0,331368,145448,1,0,31,521
2025-11-22T05:31:15Z,reverse_sorted,./datasets/qsort/reverse_sorted/reverse_sorted_20000.txt,20000,55,13,1,1,351748,133812,1,0,33,559
2025-11-22T05:31:15Z,reverse_sorted,./datasets/qsort/reverse_sorted/reverse_sorted_20000.txt,20000,56,14,0,0,362755,149160,1,0,34,555
2025-11-22T05:31:15Z,reverse_sorted,./datasets/qsort/reverse_sorted/reverse_sorted_20000.txt,20000,57,15,0,0,327563,136090,1,0,31,496
2025-11-22T05:31:15Z,reverse_sorted,./datasets/qsort/reverse_sorted/reverse_sorted_20000.txt,20000,58,16,0,0,326263,126560,1,0,31,529
2025-11-22T05:31:15Z,reverse_sorted,./datasets/qsort/reverse_sorted/reverse_sorted_20000.txt,20000,59,17,0,0,347866,143200,1,0,36,515
2025-11-22T05:31:15Z,reverse_sorted,./datasets/qsort/reverse_sorted/reverse_sorted_20000.txt,20000,60,18,0,0,332984,132110,1,0,32,547
2025-11-22T05:31:15Z,reverse_sorted,./datasets/qsort/reverse_sorted/reverse_sorted_20000.txt,20000,61,19,0,0,328413,114912,1,0,33,549
2025-11-22T05:31:15Z,reverse_sorted,./datasets/qsort/reverse_sorted/reverse_sorted_50000.txt,50000,42,0,1,1,965426,363660,1,0,36,1353
2025-11-22T05:31:15Z,reverse_sorted,./datasets/qsort/reverse_sorted/reverse_sorted_50000.txt,50000,43,1,2,2,922553,408524,1,0,35,1341
2025-11-22T05:31:15Z,reverse_sorted,./datasets/qsort/reverse_sorted/reverse_sorted_50000.txt,50000,44,2,1,1,937325,320712,1,0,34,1381
2025-11-22T05:31:15Z,reverse_sorted,./datasets/qsort/reverse_sorted/reverse_sorted_50000.txt,50000,45,3,1,1,995965,316956,1,0,38,1272
2025-11-22T05:31:15Z,reverse_sorted,./datasets/qsort/reverse_sorted/reverse_sorted_50000.txt,50000,46,4,1,1,942167,326470,1,0,38,1434
2025-11-22T05:31:15Z,reverse_sorted,./datasets/qsort/reverse_sorted/reverse_sorted_50000.txt,50000,47,5,1,1,938985,348408,1,0,34,1345
2025-11-22T05:31:15Z,reverse_sorted,./datasets/qsort/reverse_sorted/reverse_sorted_50000.txt,50000,48,6,1,1,987164,448160,1,0,36,1360
2025-11-22T05:31:15Z,reverse_sorted,./datasets/qsort/reverse_sorted/reverse_sorted_50000.txt,50000,49,7,1,1,916043,362370,1,0,36,1349
2025-11-22T05:31:15Z,reverse_sorted,./datasets/qsort/reverse_sorted/reverse_sorted_50000.txt,50000,50,8,1,1,902451,385180,1,0,36,1390
2025-11-22T05:31:15Z,reverse_sorted,./datasets/qsort/reverse_sorted/reverse_sorted_50000.txt,50000,51,9,1,1,938665,352134,1,0,38,1328
2025-11-22T05:31:15Z,reverse_sorted,./datasets/qsort/reverse_sorted/reverse_sorted_50000.txt,50000,52,10,1,1,958096,360468,1,0,41,1418
2025-11-22T05:31:15Z,reverse_sorted,./datasets/qsort/reverse_sorted/reverse_sorted_50000.txt,50000,53,11,2,2,992736,347172,1,0,38,1381
2025-11-22T05:31:15Z,reverse_sorted,./datasets/qsort/reverse_sorted/reverse_sorted_50000.txt,50000,54,12,1,1,912328,398668,1,0,38,1358
2025-11-22T05:31:15Z,reverse_sorted,./datasets/qsort/reverse_sorted/reverse_sorted_50000.txt,50000,55,13,1,1,953132,367218,1,0,35,1322
2025-11-22T05:31:15Z,reverse_sorted,./datasets/qsort/reverse_sorted/reverse_sorted_50000.txt,50000,56,14,1,1,984493,360672,1,0,38,1309
2025-11-22T05:31:15Z,reverse_sorted,./datasets/qsort/reverse_sorted/reverse_sorted_50000.txt,50000,57,15,1,1,915317,383036,1,0,32,1339
2025-11-22T05:31:15Z,reverse_sorted,./datasets/qsort/reverse_sorted/reverse_sorted_50000.txt,50000,58,16,1,1,939335,381882,1,0,38,1350
2025-11-22T05:31:15Z,reverse_sorted,./datasets/qsort/reverse_sorted/reverse_sorted_50000.txt,50000,59,17,1,1,934572,342192,1,0,40,1393
2025-11-22T05:31:15Z,reverse_sorted,./datasets/qsort/reverse_sorted/reverse_sorted_50000.txt,50000,60,18,1,1,912953,349610,1,0,36,1384
2025-11-22T05:31:15Z,reverse_sorted,./datasets/qsort/reverse_sorted/reverse_sorted_50000.txt,50000,61,19,1,1,910119,331184,1,0,35,1318
2025-11-22T05:31:15Z,reverse_sorted,./datasets/qsort/reverse_sorted/reverse_sorted_100000.txt,100000,42,0,3,3,1974465,744198,1,0,38,2675
2025-11-22T05:31:15Z,reverse_sorted,./datasets/qsort/reverse_sorted/reverse_sorted_100000.txt,100000,43,1,5,5,2017877,839982,1,0,41,2758
2025-11-22T05:31:15Z,reverse_sorted,./datasets/qsort/reverse_sorted/reverse_sorted_100000.txt,100000,44,2,2,2,2076928,829456,1,0,40,2680
2025-11-22T05:31:15Z,reverse_sorted,./datasets/qsort/reverse_sorted/reverse_sorted_100000.txt,100000,45,3,2,2,2099780,769044,1,0,40,2757
2025-11-22T05:31:15Z,reverse_sorted,./datasets/qsort/reverse_sorted/reverse_sorted_100000.txt,100000,46,4,2,2,1965884,726628,1,0,37,2678
2025-11-22T05:31:15Z,reverse_sorted,./datasets/qsort/reverse_sorted/reverse_sorted_100000.txt,100000,47,5,4,4,2068974,760636,1,0,44,2696
2025-11-22T05:31:15Z,reverse_sorted,./datasets/qsort/reverse_sorted/reverse_sorted_100000.txt,100000,48,6,2,2,2094733,870706,1,0,40,2692
2025-11-22T05:31:15Z,reverse_sorted,./datasets/qsort/reverse_sorted/reverse_sorted_100000.txt,100000,49,7,5,5,1968752,777210,1,0,36,2721
2025-11-22T05:31:15Z,reverse_sorted,./datasets/qsort/reverse_sorted/reverse_sorted_100000.txt,100000,50,8,3,3,1973347,860424,1,0,39,2670
2025-11-22T05:31:15Z,reverse_sorted,./datasets/qsort/reverse_sorted/reverse_sorted_100000.txt,100000,51,9,4,4,2022244,739930,1,0,39,2693
2025-11-22T05:31:15Z,reverse_sorted,./datasets/qsort/reverse_sorted/reverse_sorted_100000.txt,100000,52,10,4,4,1971658,802406,1,0,37,2716
2025-11-22T05:31:15Z,reverse_sorted,./datasets/qsort/reverse_sorted/reverse_sorted_100000.txt,100000,53,11,2,2,2011171,726190,1,0,39,2701
2025-11-22T05:31:15Z,reverse_sorted,./datasets/qsort/reverse_sorted/reverse_sorted_100000.txt,100000,54,12,2,2,2046014,849074,1,0,41,2661
2025-11-22T05:31:15Z,reverse_sorted,./datasets/qsort/reverse_sorted/reverse_sorted_100000.txt,100000,55,13,2,2,2160312,796582,1,0,45,2549
2025-11-22T05:31:15Z,reverse_sorted,./datasets/qsort/reverse_sorted/reverse_sorted_100000.txt,100000,56,14,2,2,2068163,702548,1,0,38,2750
2025-11-22T05:31:15Z,reverse_sorted,./datasets/qsort/reverse_sorted/reverse_sorted_100000.txt,100000,57,15,2,2,2008297,788306,1,0,39,2666
2025-11-22T05:31:15Z,reverse_sorted,./datasets/qsort/reverse_sorted/reverse_sorted_100000.txt,100000,58,16,2,2,1983863,750324,1,0,39,2673
2025-11-22T05:31:15Z,reverse_sorted,./datasets/qsort/reverse_sorted/reverse_sorted_100000.txt,100000,59,17,3,3,2109191,733614,1,0,40,2662
2025-11-22T05:31:15Z,reverse_sorted,./datasets/qsort/reverse_sorted/reverse_sorted_100000.txt,100000,60,18,2,2,1965055,739928,1,0,38,2784
2025-11-22T05:31:15Z,reverse_sorted,./datasets/qsort/reverse_sorted/reverse_sorted_100000.txt,100000,61,19,2,2,2020531,688972,1,0,39,2758
2025-11-22T05:31:15Z,sorted,./datasets/qsort/sorted/sorted_100.txt,100,42,0,0,0,694,104,1,0,12,5
2025-11-22T05:31:15Z,sorted,./datasets/qsort/sorted/sorted_100.txt,100,43,1,0,0,683,112,1,0,12,4
2025-11-22T05:31:15Z,sorted,./datasets/qsort/sorted/sorted_100.txt,100,44,2,0,0,599,98,1,0,11,1
2025-11-22T05:31:15Z,sorted,./datasets/qsort/sorted/sorted_100.txt,100,45,3,0,0,747,102,1,0,17,6
2025-11-22T05:31:15Z,sorted,./datasets/qsort/sorted/sorted_100.txt,100,46,4,0,0,632,110,1,0,12,2
2025-11-22T05:31:15Z,sorted,./datasets/qsort/sorted/sorted_100.txt,100,47,5,0,0,704,96,1,0,13,4
2025-11-22T05:31:15Z,sorted,./datasets/qsort/sorted/sorted_100.txt,100,48,6,0,0,659,102,1,0,10,3
2025-11-22T05:31:15Z,sorted,./datasets/qsort/sorted/sorted_100.txt,100,49,7,0,0,644,94,1,0,14,5
2025-11-22T05:31:15Z,sorted,./datasets/qsort/sorted/sorted_100.txt,100,50,8,0,0,673,96,1,0,14,3
2025-11-22T05:31:15Z,sorted,./datasets/qsort/sorted/sorted_100.txt,100,51,9,0,0,594,98,1,0,11,2
2025-11-22T05:31:15Z,sorted,./datasets/qsort/sorted/sorted_100.txt,100,52,10,0,0,691,94,1,0,15,4
2025-11-22T05:31:15Z,sorted,./datasets/qsort/sorted/sorted_100.txt,100,53,11,0,0,621,94,1,0,10,2
2025-11-22T05:31:15Z,sorted,./datasets/qsort/sorted/sorted_100.txt,100,54,12,0,0,583,100,1,0,10,3
2025-11-22T05:31:15Z,sorted,./datasets/qsort/sorted/sorted_100.txt,100,55,13,0,0,700,96,1,0,12,2
2025-11-22T05:31:15Z,sorted,./datasets/qsort/sorted/sorted_100.txt,100,56,14,0,0,787,94,1,0,15,4
2025-11-22T05:31:15Z,sorted,./datasets/qsort/sorted/sorted_100.txt,100,57,15,0,0,710,106,1,0,16,3
2025-11-22T05:31:15Z,sorted,./datasets/qsort/sorted/sorted_100.txt,100,58,16,0,0,582,98,1,0,11,0
2025-11-22T05:31:15Z,sorted,./datasets/qsort/sorted/sorted_100.txt,100,59,17,0,0,723,100,1,0,14,3
2025-11-22T05:31:15Z,sorted,./datasets/qsort/sorted/sorted_100.txt,100,60,18,0,0,626,96,1,0,11,3
2025-11-22T05:31:15Z,sorted,./datasets/qsort/sorted/sorted_100.txt,100,61,19,0,0,705,100,1,0,13,3
2025-11-22T05:31:15Z,sorted,./datasets/qsort/sorted/sorted_1000.txt,1000,42,0,0,0,10355,1008,1,0,22,33
2025-11-22T05:31:15Z,sorted,./datasets/qsort/sorted/sorted_1000.txt,1000,43,1,0,0,12028,960,1,0,23,39
2025-11-22T05:31:15Z,sorted,./datasets/qsort/sorted/sorted_1000.txt,1000,44,2,0,0,11203,1020,1,0,21,19
2025-11-22T05:31:15Z,sorted,./datasets/qsort/sorted/sorted_1000.txt,1000,45,3,0,0,11975,1006,1,0,23,37
2025-11-22T05:31:15Z,sorted,./datasets/qsort/sorted/sorted_1000.txt,1000,46,4,0,0,10545,1026,1,0,24,20
2025-11-22T05:31:15Z,sorted,./datasets/qsort/sorted/sorted_1000.txt,1000,47,5,0,0,11800,980,1,0,24,23
2025-11-22T05:31:15Z,sorted,./datasets/qsort/sorted/sorted_1000.txt,1000,48,6,0,0,11611,1024,1,0,24,32
2025-11-22T05:31:15Z,sorted,./datasets/qsort/sorted/sorted_1000.txt,1000,49,7,0,0,10481,988,1,0,21,28
2025-11-22T05:31:15Z,sorted,./datasets/qsort/sorted/sorted_1000.txt,1000,50,8,0,0,10466,1012,1,0,20,35
2025-11-22T05:31:15Z,sorted,./datasets/qsort/sorted/sorted_1000.txt,1000,51,9,0,0,10934,1020,1,0,19,39
2025-11-22T05:31:15Z,sorted,./datasets/qsort/sorted/sorted_1000.txt,1000,52,10,0,0,11597,976,1,0,20,28
2025-11-22T05:31:15Z,sorted,./datasets/qsort/sorted/sorted_1000.txt,1000,53,11,0,0,10708,978,1,0,21,27
2025-11-22T05:31:15Z,sorted,./datasets/qsort/sorted/sorted_1000.txt,1000,54,12,0,0,10334,1018,1,0,20,27
2025-11-22T05:31:15Z,sorted,./datasets/qsort/sorted/sorted_1000.txt,1000,55,13,0,0,11709,1030,1,0,21,31
2025-11-22T05:31:15Z,sorted,./datasets/qsort/sorted/sorted_1000.txt,1000,56,14,0,0,11411,1004,1,0,20,28
2025-11-22T05:31:15Z,sorted,./datasets/qsort/sorted/sorted_1000.txt,1000,57,15,0,0,12189,994,1,0,21,28
2025-11-22T05:31:15Z,sorted,./datasets/qsort/sorted/sorted_1000.txt,1000,58,16,0,0,11013,1034,1,0,23,28
2025-11-22T05:31:15Z,sorted,./datasets/qsort/sorted/sorted_1000.txt,1000,59,17,0,0,11054,978,1,0,19,26
2025-11-22T05:31:15Z,sorted,./datasets/qsort/sorted/sorted_1000.txt,1000,60,18,0,0,11011,1018,1,0,22,28
2025-11-22T05:31:15Z,sorted,./datasets/qsort/sorted/sorted_1000.txt,1000,61,19,0,0,11429,998,1,0,20,30
2025-11-22T05:31:15Z,sorted,./datasets/qsort/sorted/sorted_2000.txt,2000,42,0,0,0,26313,1998,1,0,25,63
2025-11-22T05:31:15Z,sorted,./datasets/qsort/sorted/sorted_2000.txt,2000,43,1,0,0,25440,1968,1,0,25,55
2025-11-22T05:31:15Z,sorted,./datasets/qsort/sorted/sorted_2000.txt,2000,44,2,0,0,24509,1952,1,0,24,58
2025-11-22T05:31:15Z,sorted,./datasets/qsort/sorted/sorted_2000.txt,2000,45,3,0,0,25259,1986,1,0,24,53
2025-11-22T05:31:15Z,sorted,./datasets/qsort/sorted/sorted_2000.txt,2000,46,4,0,0,23704,2042,1,0,23,42
2025-11-22T05:31:15Z,sorted,./datasets/qsort/sorted/sorted_2000.txt,2000,47,5,0,0,24584,1922,1,0,22,54
2025-11-22T05:31:15Z,sorted,./datasets/qsort/sorted/sorted_2000.txt,2000,48,6,0,0,25571,2040,1,0,26,58
2025-11-22T05:31:15Z,sorted,./datasets/qsort/sorted/sorted_2000.txt,2000,49,7,0,0,23700,2002,1,0,23,59
2025-11-22T05:31:15Z,sorted,./datasets/qsort/sorted/sorted_2000.txt,2000,50,8,0,0,23389,1990,1,0,23,57
2025-11-22T05:31:15Z,sorted,./datasets/qsort/sorted/sorted_2000.txt,2000,51,9,0,0,24972,2016,1,0,25,67
2025-11-22T05:31:15Z,sorted,./datasets/qsort/sorted/sorted_2000.txt,2000,52,10,0,0,24497,1958,1,0,23,43
2025-11-22T05:31:15Z,sorted,./datasets/qsort/sorted/sorted_2000.txt,2000,53,11,0,0,24240,2034,1,0,21,35
2025-11-22T05:31:15Z,sorted,./datasets/qsort/sorted/sorted_2000.txt,2000,54,12,0,0,24849,1996,1,0,25,48
2025-11-22T05:31:15Z,sorted,./datasets/qsort/sorted/sorted_2000.txt,2000,55,13,0,0,25218,2022,1,0,23,58
2025-11-22T05:31:15Z,sorted,./datasets/qsort/sorted/sorted_2000.txt,2000,56,14,0,0,27364,1968,1,0,25,56
2025-11-22T05:31:15Z,sorted,./datasets/qsort/sorted/sorted_2000.txt,2000,57,15,0,0,24679,1992,1,0,23,42
2025-11-22T05:31:15Z,sorted,./datasets/qsort/sorted/sorted_2000.txt,2000,58,16,0,0,23068,1984,1,0,20,47
2025-11-22T05:31:15Z,sorted,./datasets/qsort/sorted/sorted_2000.txt,2000,59,17,0,0,25277,1936,1,0,24,46
2025-11-22T05:31:15Z,sorted,./datasets/qsort/sorted/sorted_2000.txt,2000,60,18,0,0,25630,2034,1,0,23,52
2025-11-22T05:31:15Z,sorted,./datasets/qsort/sorted/sorted_2000.txt,2000,61,19,0,0,25126,2000,1,0,26,57
2025-11-22T05:31:15Z,sorted,./datasets/qsort/sorted/sorted_5000.txt,5000,42,0,0,0,68180,4962,1,0,27,132
2025-11-22T05:31:15Z,sorted,./datasets/qsort/sorted/sorted_5000.txt,5000,43,1,0,0,77614,4952,1,0,29,126
2025-11-22T05:31:15Z,sorted,./datasets/qsort/sorted/sorted_5000.txt,5000,44,2,0,0,71935,5040,1,0,30,149
2025-11-22T05:31:15Z,sorted,./datasets/qsort/sorted/sorted_5000.txt,5000,45,3,0,0,71288,4986,1,0,25,139
2025-11-22T05:31:15Z,sorted,./datasets/qsort/sorted/sorted_5000.txt,5000,46,4,0,0,69431,5016,1,0,28,131
2025-11-22T05:31:15Z,sorted,./datasets/qsort/sorted/sorted_5000.txt,5000,47,5,0,0,75065,4958,1,0,28,141
2025-11-22T05:31:15Z,sorted,./datasets/qsort/sorted/sorted_5000.txt,5000,48,6,0,0,74639,4984,1,0,28,150
2025-11-22T05:31:15Z,sorted,./datasets/qsort/sorted/sorted_5000.txt,5000,49,7,0,0,68006,4956,1,0,28,139
2025-11-22T05:31:15Z,sorted,./datasets/qsort/sorted/sorted_5000.txt,5000,50,8,0,0,67015,4970,1,0,26,136
2025-11-22T05:31:15Z,sorted,./datasets/qsort/sorted/sorted_5000.txt,5000,51,9,0,0,69685,5030,1,0,29,138
2025-11-22T05:31:15Z,sorted,./datasets/qsort/sorted/sorted_5000.txt,5000,52,10,0,0,75491,4920,1,0,28,161
2025-11-22T05:31:15Z,sorted,./datasets/qsort/sorted/sorted_5000.txt,5000,53,11,0,0,68833,4952,1,0,25,113
2025-11-22T05:31:15Z,sorted,./datasets/qsort/sorted/sorted_5000.txt,5000,54,12,0,0,69230,4984,1,0,26,127
2025-11-22T05:31:15Z,sorted,./datasets/qsort/sorted/sorted_5000.txt,5000,55,13,0,0,82919,4986,1,0,31,143
2025-11-22T05:31:15Z,sorted,./datasets/qsort/sorted/sorted_5000.txt,5000,56,14,0,0,75988,5000,1,0,28,125
2025-11-22T05:31:15Z,sorted,./datasets/qsort/sorted/sorted_5000.txt,5000,57,15,0,0,73222,4980,1,0,30,157
2025-11-22T05:31:15Z,sorted,./datasets/qsort/sorted/sorted_5000.txt,5000,58,16,0,0,74652,4938,1,0,28,156
2025-11-22T05:31:15Z,sorted,./datasets/qsort/sorted/sorted_5000.txt,5000,59,17,0,0,73176,4950,1,0,26,110
2025-11-22T05:31:15Z,sorted,./datasets/qsort/sorted/sorted_5000.txt,5000,60,18,0,0,71249,5022,1,0,30,139
2025-11-22T05:31:15Z,sorted,./datasets/qsort/sorted/sorted_5000.txt,5000,61,19,0,0,72985,5000,1,0,31,128
2025-11-22T05:31:15Z,sorted,./datasets/qsort/sorted/sorted_10000.txt,10000,42,0,0,0,148444,10014,1,0,29,256
2025-11-22T05:31:15Z,sorted,./datasets/qsort/sorted/sorted_10000.txt,10000,43,1,0,0,165045,9936,1,0,31,264
2025-11-22T05:31:15Z,sorted,./datasets/qsort/sorted/sorted_10000.txt,10000,44,2,0,0,159486,9958,1,0,31,260
2025-11-22T05:31:15Z,sorted,./datasets/qsort/sorted/sorted_10000.txt,10000,45,3,0,0,158890,10080,1,0,29,277
2025-11-22T05:31:15Z,sorted,./datasets/qsort/sorted/sorted_10000.txt,10000,46,4,0,0,152010,9892,1,0,32,266
2025-11-22T05:31:15Z,sorted,./datasets/qsort/sorted/sorted_10000.txt,10000,47,5,0,0,151704,9944,1,0,27,276
2025-11-22T05:31:15Z,sorted,./datasets/qsort/sorted/sorted_10000.txt,10000,48,6,0,0,175937,10018,1,0,32,286
2025-11-22T05:31:15Z,sorted,./datasets/qsort/sorted/sorted_10000.txt,10000,49,7,0,0,151289,10108,1,0,29,303
2025-11-22T05:31:15Z,sorted,./datasets/qsort/sorted/sorted_10000.txt,10000,50,8,0,0,147512,9964,1,0,29,267
2025-11-22T05:31:15Z,sorted,./datasets/qsort/sorted/sorted_10000.txt,10000,51,9,0,0,151794,9980,1,0,28,274
2025-11-22T05:31:15Z,sorted,./datasets/qsort/sorted/sorted_10000.txt,10000,52,10,0,0,157229,9942,1,0,32,290
2025-11-22T05:31:15Z,sorted,./datasets/qsort/sorted/sorted_10000.txt,10000,53,11,0,0,150799,10020,1,0,27,255
2025-11-22T05:31:15Z,sorted,./datasets/qsort/sorted/sorted_10000.txt,10000,54,12,0,0,148883,9938,1,0,28,267
2025-11-22T05:31:15Z,sorted,./datasets/qsort/sorted/sorted_10000.txt,10000,55,13,0,0,171182,10010,1,0,34,293
2025-11-22T05:31:15Z,sorted,./datasets/qsort/sorted/sorted_10000.txt,10000,56,14,0,0,172282,10018,1,0,32,258
2025-11-22T05:31:15Z,sorted,./datasets/qsort/sorted/sorted_10000.txt,10000,57,15,0,0,165568,9968,1,0,33,285
2025-11-22T05:31:15Z,sorted,./datasets/qsort/sorted/sorted_10000.txt,10000,58,16,0,0,158737,9982,1,0,30,299
2025-11-22T05:31:15Z,sorted,./datasets/qsort/sorted/sorted_10000.txt,10000,59,17,0,0,159801,9996,1,0,32,262
2025-11-22T05:31:15Z,sorted,./datasets/qsort/sorted/sorted_10000.txt,10000,60,18,0,0,157088,9950,1,0,33,267
2025-11-22T05:31:16Z,sorted,./datasets/qsort/sorted/sorted_10000.txt,10000,61,19,0,0,160230,10070,1,0,30,280
2025-11-22T05:31:16Z,sorted,./datasets/qsort/sorted/sorted_20000.txt,20000,42,0,0,0,328868,20014,1,0,33,525
2025-11-22T05:31:16Z,sorted,./datasets/qsort/sorted/sorted_20000.txt,20000,43,1,0,0,353439,19828,1,0,37,523
2025-11-22T05:31:16Z,sorted,./datasets/qsort/sorted/sorted_20000.txt,20000,44,2,0,0,338008,19964,1,0,31,583
2025-11-22T05:31:16Z,sorted,./datasets/qsort/sorted/sorted_20000.txt,20000,45,3,0,0,332649,20126,1,0,32,554
2025-11-22T05:31:16Z,sorted,./datasets/qsort/sorted/sorted_20000.txt,20000,46,4,1,0,328567,19976,1,0,34,540
2025-11-22T05:31:16Z,sorted,./datasets/qsort/sorted/sorted_20000.txt,20000,47,5,0,0,344177,19918,1,0,34,507
2025-11-22T05:31:16Z,sorted,./datasets/qsort/sorted/sorted_20000.txt,20000,48,6,0,0,369524,19996,1,0,36,526
2025-11-22T05:31:16Z,sorted,./datasets/qsort/sorted/sorted_20000.txt,20000,49,7,0,0,333341,20076,1,0,31,506
2025-11-22T05:31:16Z,sorted,./datasets/qsort/sorted/sorted_20000.txt,20000,50,8,0,0,334796,19938,1,0,33,565
2025-11-22T05:31:16Z,sorted,./datasets/qsort/sorted/sorted_20000.txt,20000,51,9,0,0,345796,19990,1,0,38,536
2025-11-22T05:31:16Z,sorted,./datasets/qsort/sorted/sorted_20000.txt,20000,52,10,0,0,350753,20014,1,0,33,550
2025-11-22T05:31:16Z,sorted,./datasets/qsort/sorted/sorted_20000.txt,20000,53,11,0,0,333265,20022,1,0,33,499
2025-11-22T05:31:16Z,sorted,./datasets/qsort/sorted/sorted_20000.txt,20000,54,12,0,0,321464,20042,1,0,31,539
2025-11-22T05:31:16Z,sorted,./datasets/qsort/sorted/sorted_20000.txt,20000,55,13,0,0,355758,20006,1,0,34,537
2025-11-22T05:31:16Z,sorted,./datasets/qsort/sorted/sorted_20000.txt,20000,56,14,0,0,401550,20046,1,0,36,505
2025-11-22T05:31:16Z,sorted,./datasets/qsort/sorted/sorted_20000.txt,20000,57,15,0,0,364483,19966,1,0,35,535
2025-11-22T05:31:16Z,sorted,./datasets/qsort/sorted/sorted_20000.txt,20000,58,16,0,0,335218,20050,1,0,35,534
2025-11-22T05:31:16Z,sorted,./datasets/qsort/sorted/sorted_20000.txt,20000,59,17,0,0,348133,19900,1,0,35,520
2025-11-22T05:31:16Z,sorted,./datasets/qsort/sorted/sorted_20000.txt,20000,60,18,0,0,316659,20006,1,0,30,528
2025-11-22T05:31:16Z,sorted,./datasets/qsort/sorted/sorted_20000.txt,20000,61,19,0,0,341097,20202,1,0,32,537
2025-11-22T05:31:16Z,sorted,./datasets/qsort/sorted/sorted_50000.txt,50000,42,0,1,1,905749,50106,1,0,35,1347
2025-11-22T05:31:16Z,sorted,./datasets/qsort/sorted/sorted_50000.txt,50000,43,1,2,2,932929,49990,1,0,43,1333
2025-11-22T05:31:16Z,sorted,./datasets/qsort/sorted/sorted_50000.txt,50000,44,2,1,1,976863,50072,1,0,39,1397
2025-11-22T05:31:16Z,sorted,./datasets/qsort/sorted/sorted_50000.txt,50000,45,3,1,1,972804,49950,1,0,43,1338
2025-11-22T05:31:16Z,sorted,./datasets/qsort/sorted/sorted_50000.txt,50000,46,4,1,1,910611,50076,1,0,36,1372
2025-11-22T05:31:16Z,sorted,./datasets/qsort/sorted/sorted_50000.txt,50000,47,5,1,1,929752,50034,1,0,40,1293
2025-11-22T05:31:16Z,sorted,./datasets/qsort/sorted/sorted_50000.txt,50000,48,6,1,1,942541,50014,1,0,35,1339
2025-11-22T05:31:16Z,sorted,./datasets/qsort/sorted/sorted_50000.txt,50000,49,7,1,1,927624,50090,1,0,38,1361
2025-11-22T05:31:16Z,sorted,./datasets/qsort/sorted/sorted_50000.txt,50000,50,8,1,1,890701,49862,1,0,34,1295
2025-11-22T05:31:16Z,sorted,./datasets/qsort/sorted/sorted_50000.txt,50000,51,9,1,1,924019,50082,1,0,39,1406
2025-11-22T05:31:16Z,sorted,./datasets/qsort/sorted/sorted_50000.txt,50000,52,10,1,1,953974,49908,1,0,35,1372
2025-11-22T05:31:16Z,sorted,./datasets/qsort/sorted/sorted_50000.txt,50000,53,11,1,1,922143,50180,1,0,35,1324
2025-11-22T05:31:16Z,sorted,./datasets/qsort/sorted/sorted_50000.txt,50000,54,12,1,1,925761,49898,1,0,35,1366
2025-11-22T05:31:16Z,sorted,./datasets/qsort/sorted/sorted_50000.txt,50000,55,13,1,1,939886,50094,1,0,36,1394
2025-11-22T05:31:16Z,sorted,./datasets/qsort/sorted/sorted_50000.txt,50000,56,14,1,1,988993,50092,1,0,38,1357
2025-11-22T05:31:16Z,sorted,./datasets/qsort/sorted/sorted_50000.txt,50000,57,15,1,1,1013784,50070,1,0,40,1342
2025-11-22T05:31:16Z,sorted,./datasets/qsort/sorted/sorted_50000.txt,50000,58,16,1,1,917023,50126,1,0,34,1415
2025-11-22T05:31:16Z,sorted,./datasets/qsort/sorted/sorted_50000.txt,50000,59,17,1,1,989217,49846,1,0,39,1333
2025-11-22T05:31:16Z,sorted,./datasets/qsort/sorted/sorted_50000.txt,50000,60,18,2,2,936659,50012,1,0,35,1365
2025-11-22T05:31:16Z,sorted,./datasets/qsort/sorted/sorted_50000.txt,50000,61,19,2,2,962671,50258,1,0,38,1388
2025-11-22T05:31:16Z,sorted,./datasets/qsort/sorted/sorted_50000.txt,50000,62,20,2,2,969927,49886,1,0,36,1296
2025-11-22T05:31:16Z,sorted,./datasets/qsort/sorted/sorted_50000.txt,50000,63,21,2,2,907797,50048,1,0,35,1381
2025-11-22T05:31:16Z,sorted,./datasets/qsort/sorted/sorted_50000.txt,50000,64,22,1,1,925592,49950,1,0,37,1353
2025-11-22T05:31:16Z,sorted,./datasets/qsort/sorted/sorted_50000.txt,50000,65,23,2,2,935271,50140,1,0,36,1292
2025-11-22T05:31:16Z,sorted,./datasets/qsort/sorted/sorted_50000.txt,50000,66,24,1,1,953902,49954,1,0,38,1344
2025-11-22T05:31:16Z,sorted,./datasets/qsort/sorted/sorted_50000.txt,50000,67,25,1,1,897532,49950,1,0,34,1345
2025-11-22T05:31:16Z,sorted,./datasets/qsort/sorted/sorted_50000.txt,50000,68,26,1,1,939152,50074,1,0,37,1372
2025-11-22T05:31:16Z,sorted,./datasets/qsort/sorted/sorted_50000.txt,50000,69,27,1,1,944037,49978,1,0,35,1356
2025-11-22T05:31:16Z,sorted,./datasets/qsort/sorted/sorted_50000.txt,50000,70,28,2,2,975711,49908,1,0,39,1367
2025-11-22T05:31:16Z,sorted,./datasets/qsort/sorted/sorted_50000.txt,50000,71,29,1,1,928925,49942,1,0,35,1349
2025-11-22T05:31:16Z,sorted,./datasets/qsort/sorted/sorted_50000.txt,50000,72,30,1,1,1006108,49872,1,0,39,1387
2025-11-22T05:31:16Z,sorted,./datasets/qsort/sorted/sorted_50000.txt,50000,73,31,1,1,934609,49838,1,0,37,1369
2025-11-22T05:31:16Z,sorted,./datasets/qsort/sorted/sorted_50000.txt,50000,74,32,1,1,1005082,50000,1,0,41,1356
2025-11-22T05:31:16Z,sorted,./datasets/qsort/sorted/sorted_50000.txt,50000,75,33,1,1,922131,50102,1,0,36,1327
2025-11-22T05:31:16Z,sorted,./datasets/qsort/sorted/sorted_50000.txt,50000,76,34,1,1,980585,49924,1,0,38,1378
2025-11-22T05:31:16Z,sorted,./datasets/qsort/sorted/sorted_50000.txt,50000,77,35,1,1,1009266,50008,1,0,40,1343
2025-11-22T05:31:16Z,sorted,./datasets/qsort/sorted/sorted_50000.txt,50000,78,36,1,1,1006180,50120,1,0,39,1348
2025-11-22T05:31:16Z,sorted,./datasets/qsort/sorted/sorted_50000.txt,50000,79,37,1,1,880804,49808,1,0,33,1418
2025-11-22T05:31:16Z,sorted,./datasets/qsort/sorted/sorted_50000.txt,50000,80,38,1,1,943494,50200,1,0,38,1374
2025-11-22T05:31:16Z,sorted,./datasets/qsort/sorted/sorted_50000.txt,50000,81,39,1,1,930490,50330,1,0,34,1299
2025-11-22T05:31:16Z,sorted,./datasets/qsort/sorted/sorted_50000.txt,50000,82,40,1,1,906748,50022,1,0,34,1375
2025-11-22T05:31:16Z,sorted,./datasets/qsort/sorted/sorted_50000.txt,50000,83,41,1,1,967211,50100,1,0,38,1338
2025-11-22T05:31:16Z,sorted,./datasets/qsort/sorted/sorted_50000.txt,50000,84,42,1,1,946853,49984,1,0,37,1328
2025-11-22T05:31:16Z,sorted,./datasets/qsort/sorted/sorted_50000.txt,50000,85,43,1,1,934832,50038,1,0,38,1403
2025-11-22T05:31:16Z,sorted,./datasets/qsort/sorted/sorted_50000.txt,50000,86,44,1,1,921591,50196,1,0,37,1330
2025-11-22T05:31:16Z,sorted,./datasets/qsort/sorted/sorted_50000.txt,50000,87,45,1,1,949365,49976,1,0,36,1310
2025-11-22T05:31:16Z,sorted,./datasets/qsort/sorted/sorted_50000.txt,50000,88,46,1,1,882570,50010,1,0,33,1282
2025-11-22T05:31:16Z,sorted,./datasets/qsort/sorted/sorted_50000.txt,50000,89,47,1,1,905902,50012,1,0,35,1383
2025-11-22T05:31:16Z,sorted,./datasets/qsort/sorted/sorted_50000.txt,50000,90,48,1,1,925115,49910,1,0,38,1374
2025-11-22T05:31:16Z,sorted,./datasets/qsort/sorted/sorted_50000.txt,50000,91,49,1,1,930419,49880,1,0,39,1377
2025-11-22T05:31:16Z,sorted,./datasets/qsort/sorted/sorted_50000.txt,50000,92,50,1,1,939183,49760,1,0,34,1354
2025-11-22T05:31:16Z,sorted,./datasets/qsort/sorted/sorted_50000.txt,50000,93,51,1,1,896684,50000,1,0,35,1289
2025-11-22T05:31:16Z,sorted,./datasets/qsort/sorted/sorted_50000.txt,50000,94,52,1,1,891262,50088,1,0,33,1338
2025-11-22T05:31:16Z,sorted,./datasets/qsort/sorted/sorted_50000.txt,50000,95,53,1,1,998206,50148,1,0,42,1426
2025-11-22T05:31:16Z,sorted,./datasets/qsort/sorted/sorted_50000.txt,50000,96,54,1,1,970241,50062,1,0,42,1380
2025-11-22T05:31:16Z,sorted,./datasets/qsort/sorted/sorted_50000.txt,50000,97,55,1,1,982629,49902,1,0,38,1373
2025-11-22T05:31:16Z,sorted,./datasets/qsort/sorted/sorted_50000.txt,50000,98,56,1,1,955207,50108,1,0,39,1367
2025-11-22T05:31:16Z,sorted,./datasets/qsort/sorted/sorted_50000.txt,50000,99,57,1,1,914809,49830,1,0,38,1317
2025-11-22T05:31:16Z,sorted,./datasets/qsort/sorted/sorted_50000.txt,50000,100,58,1,1,880688,50036,1,0,33,1365
2025-11-22T05:31:16Z,sorted,./datasets/qsort/sorted/sorted_50000.txt,50000,101,59,1,1,899968,49944,1,0,34,1361
2025-11-22T05:31:16Z,sorted,./datasets/qsort/sorted/sorted_50000.txt,50000,102,60,1,1,910096,49976,1,0,34,1359
2025-11-22T05:31:16Z,sorted,./datasets/qsort/sorted/sorted_50000.txt,50000,103,61,1,1,918065,49936,1,0,37,1346
2025-11-22T05:31:16Z,sorted,./datasets/qsort/sorted/sorted_50000.txt,50000,104,62,2,2,936291,50170,1,0,35,1352
2025-11-22T05:31:16Z,sorted,./datasets/qsort/sorted/sorted_50000.txt,50000,105,63,1,1,957111,49914,1,0,37,1320
2025-11-22T05:31:16Z,sorted,./datasets/qsort/sorted/sorted_50000.txt,50000,106,64,1,1,1032278,49950,1,0,42,1370
2025-11-22T05:31:16Z,sorted,./datasets/qsort/sorted/sorted_50000.txt,50000,107,65,1,1,942336,50070,1,0,36,1371
2025-11-22T05:31:16Z,sorted,./datasets/qsort/sorted/sorted_50000.txt,50000,108,66,1,1,947079,50102,1,0,35,1410
2025-11-22T05:31:16Z,sorted,./datasets/qsort/sorted/sorted_50000.txt,50000,109,67,1,1,897085,49992,1,0,33,1369
2025-11-22T05:31:16Z,sorted,./datasets/qsort/sorted/sorted_50000.txt,50000,110,68,1,1,936878,49796,1,0,38,1373
2025-11-22T05:31:16Z,sorted,./datasets/qsort/sorted/sorted_50000.txt,50000,111,69,1,1,922663,49958,1,0,36,1340
2025-11-22T05:31:16Z,sorted,./datasets/qsort/sorted/sorted_50000.txt,50000,112,70,1,1,886049,50044,1,0,35,1306
2025-11-22T05:31:16Z,sorted,./datasets/qsort/sorted/sorted_50000.txt,50000,113,71,1,1,968215,49872,1,0,37,1302
2025-11-22T05:31:16Z,sorted,./datasets/qsort/sorted/sorted_50000.txt,50000,114,72,1,1,922000,49910,1,0,32,1286
2025-11-22T05:31:16Z,sorted,./datasets/qsort/sorted/sorted_50000.txt,50000,115,73,1,1,979935,50006,1,0,41,1406
2025-11-22T05:31:16Z,sorted,./datasets/qsort/sorted/sorted_50000.txt,50000,116,74,1,1,909129,49858,1,0,42,1310
2025-11-22T05:31:16Z,sorted,./datasets/qsort/sorted/sorted_50000.txt,50000,117,75,1,1,915285,49812,1,0,36,1358
2025-11-22T05:31:16Z,sorted,./datasets/qsort/sorted/sorted_50000.txt,50000,118,76,1,1,979539,50172,1,0,37,1370
2025-11-22T05:31:16Z,sorted,./datasets/qsort/sorted/sorted_50000.txt,50000,119,77,1,1,926144,49890,1,0,39,1360
2025-11-22T05:31:16Z,sorted,./datasets/qsort/sorted/sorted_50000.txt,50000,120,78,1,1,920434,49954,1,0,36,1339
2025-11-22T05:31:16Z,sorted,./datasets/qsort/sorted/sorted_50000.txt,50000,121,79,1,1,980216,49832,1,0,36,1388
2025-11-22T05:31:16Z,sorted,./datasets/qsort/sorted/sorted_50000.txt,50000,122,80,1,1,936434,50040,1,0,37,1283
2025-11-22T05:31:16Z,sorted,./datasets/qsort/sorted/sorted_50000.txt,50000,123,81,1,1,911751,49896,1,0,35,1287
2025-11-22T05:31:16Z,sorted,./datasets/qsort/sorted/sorted_50000.txt,50000,124,82,1,1,998288,49980,1,0,40,1302
2025-11-22T05:31:16Z,sorted,./datasets/qsort/sorted/sorted_50000.txt,50000,125,83,1,1,943680,50084,1,0,39,1352
2025-11-22T05:31:16Z,sorted,./datasets/qsort/sorted/sorted_50000.txt,50000,126,84,1,1,985806,49992,1,0,36,1337
2025-11-22T05:31:16Z,sorted,./datasets/qsort/sorted/sorted_50000.txt,50000,127,85,1,1,951330,50172,1,0,35,1362
2025-11-22T05:31:16Z,sorted,./datasets/qsort/sorted/sorted_50000.txt,50000,128,86,1,1,993734,49996,1,0,41,1314
2025-11-22T05:31:16Z,sorted,./datasets/qsort/sorted/sorted_50000.txt,50000,129,87,1,1,908308,50046,1,0,35,1322
2025-11-22T05:31:16Z,sorted,./datasets/qsort/sorted/sorted_50000.txt,50000,130,88,1,1,940278,49922,1,0,40,1313
2025-11-22T05:31:16Z,sorted,./datasets/qsort/sorted/sorted_50000.txt,50000,131,89,1,1,967383,50122,1,0,39,1342
2025-11-22T05:31:16Z,sorted,./datasets/qsort/sorted/sorted_50000.txt,50000,132,90,1,1,957105,50040,1,0,36,1326
2025-11-22T05:31:16Z,sorted,./datasets/qsort/sorted/sorted_50000.txt,50000,133,91,1,1,939841,50058,1,0,39,1404
2025-11-22T05:31:16Z,sorted,./datasets/qsort/sorted/sorted_50000.txt,50000,134,92,1,1,935640,50058,1,0,40,1331
2025-11-22T05:31:16Z,sorted,./datasets/qsort/sorted/sorted_50000.txt,50000,135,93,1,1,936128,50076,1,0,34,1342
2025-11-22T05:31:16Z,sorted,./datasets/qsort/sorted/sorted_50000.txt,50000,136,94,1,1,936159,50160,1,0,36,1405
2025-11-22T05:31:16Z,sorted,./datasets/qsort/sorted/sorted_50000.txt,50000,137,95,2,2,939902,50078,1,0,37,1281
2025-11-22T05:31:16Z,sorted,./datasets/qsort/sorted/sorted_50000.txt,50000,138,96,2,2,920661,50036,1,0,35,1300
2025-11-22T05:31:16Z,sorted,./datasets/qsort/sorted/sorted_50000.txt,50000,139,97,1,1,958940,49932,1,0,40,1381
2025-11-22T05:31:16Z,sorted,./datasets/qsort/sorted/sorted_50000.txt,50000,140,98,2,2,942440,50182,1,0,36,1349
2025-11-22T05:31:16Z,sorted,./datasets/qsort/sorted/sorted_50000.txt,50000,141,99,2,2,944153,50048,1,0,37,1339
2025-11-22T05:31:16Z,sorted,./datasets/qsort/sorted/sorted_100000.txt,100000,42,0,2,2,1925753,99966,1,0,40,2704
2025-11-22T05:31:16Z,sorted,./datasets/qsort/sorted/sorted_100000.txt,100000,43,1,2,2,2010778,99718,1,0,43,2649
2025-11-22T05:31:16Z,sorted,./datasets/qsort/sorted/sorted_100000.txt,100000,44,2,4,4,2009684,100056,1,1,37,2761
2025-11-22T05:31:16Z,sorted,./datasets/qsort/sorted/sorted_100000.txt,100000,45,3,2,2,2041935,100006,1,0,42,2758
2025-11-22T05:31:16Z,sorted,./datasets/qsort/sorted/sorted_100000.txt,100000,46,4,2,2,2046782,100036,1,0,40,2710
2025-11-22T05:31:17Z,sorted,./datasets/qsort/sorted/sorted_100000.txt,100000,47,5,2,2,2100766,100158,1,0,43,2758
2025-11-22T05:31:17Z,sorted,./datasets/qsort/sorted/sorted_100000.txt,100000,48,6,2,2,2108329,99834,1,0,41,2560
2025-11-22T05:31:17Z,sorted,./datasets/qsort/sorted/sorted_100000.txt,100000,49,7,2,2,1980990,99944,1,0,39,2687
2025-11-22T05:31:17Z,sorted,./datasets/qsort/sorted/sorted_100000.txt,100000,50,8,2,2,1987815,99786,1,0,38,2723
2025-11-22T05:31:17Z,sorted,./datasets/qsort/sorted/sorted_100000.txt,100000,51,9,4,4,1998184,100076,1,1,37,2679
2025-11-22T05:31:17Z,sorted,./datasets/qsort/sorted/sorted_100000.txt,100000,52,10,4,4,2057195,100188,1,1,44,2686
2025-11-22T05:31:17Z,sorted,./datasets/qsort/sorted/sorted_100000.txt,100000,53,11,2,2,1981080,99974,1,0,41,2663
2025-11-22T05:31:17Z,sorted,./datasets/qsort/sorted/sorted_100000.txt,100000,54,12,2,2,1886996,99984,1,0,36,2658
2025-11-22T05:31:17Z,sorted,./datasets/qsort/sorted/sorted_100000.txt,100000,55,13,2,2,2083907,100080,1,0,42,2735
2025-11-22T05:31:17Z,sorted,./datasets/qsort/sorted/sorted_100000.txt,100000,56,14,2,2,2082880,100346,1,0,41,2692
2025-11-22T05:31:17Z,sorted,./datasets/qsort/sorted/sorted_100000.txt,100000,57,15,2,2,2079022,100118,1,0,42,2741
2025-11-22T05:31:17Z,sorted,./datasets/qsort/sorted/sorted_100000.txt,100000,58,16,2,2,2019552,100094,1,0,39,2808
2025-11-22T05:31:17Z,sorted,./datasets/qsort/sorted/sorted_100000.txt,100000,59,17,2,2,2054014,99774,1,0,42,2667
2025-11-22T05:31:17Z,sorted,./datasets/qsort/sorted/sorted_100000.txt,100000,60,18,2,2,1936011,99886,1,0,45,2649
2025-11-22T05:31:17Z,sorted,./datasets/qsort/sorted/sorted_100000.txt,100000,61,19,2,2,2044845,100098,1,0,41,2701
2025-11-22T05:31:17Z,uniform,./datasets/qsort/uniform/uniform_100.txt,100,42,0,0,0,735,333,1,0,13,4
2025-11-22T05:31:17Z,uniform,./datasets/qsort/uniform/uniform_100.txt,100,43,1,0,0,596,343,1,0,12,2
2025-11-22T05:31:17Z,uniform,./datasets/qsort/uniform/uniform_100.txt,100,44,2,0,0,627,321,1,0,14,1
2025-11-22T05:31:17Z,uniform,./datasets/qsort/uniform/uniform_100.txt,100,45,3,0,0,623,355,1,0,11,4
2025-11-22T05:31:17Z,uniform,./datasets/qsort/uniform/uniform_100.txt,100,46,4,0,0,744,235,1,0,16,2
2025-11-22T05:31:17Z,uniform,./datasets/qsort/uniform/uniform_100.txt,100,47,5,0,0,598,329,1,0,10,1
2025-11-22T05:31:17Z,uniform,./datasets/qsort/uniform/uniform_100.txt,100,48,6,0,0,678,259,1,0,12,2
2025-11-22T05:31:17Z,uniform,./datasets/qsort/uniform/uniform_100.txt,100,49,7,0,0,594,297,1,0,11,0
2025-11-22T05:31:17Z,uniform,./datasets/qsort/uniform/uniform_100.txt,100,50,8,0,0,594,321,1,0,12,2
2025-11-22T05:31:17Z,uniform,./datasets/qsort/uniform/uniform_100.txt,100,51,9,0,0,615,297,1,0,13,1
2025-11-22T05:31:17Z,uniform,./datasets/qsort/uniform/uniform_100.txt,100,52,10,0,0,596,321,1,0,13,2
2025-11-22T05:31:17Z,uniform,./datasets/qsort/uniform/uniform_100.txt,100,53,11,0,0,707,257,1,0,15,2
2025-11-22T05:31:17Z,uniform,./datasets/qsort/uniform/uniform_100.txt,100,54,12,0,0,612,349,1,0,11,3
2025-11-22T05:31:17Z,uniform,./datasets/qsort/uniform/uniform_100.txt,100,55,13,0,0,682,311,1,0,13,6
2025-11-22T05:31:17Z,uniform,./datasets/qsort/uniform/uniform_100.txt,100,56,14,0,0,629,311,1,0,11,2
2025-11-22T05:31:17Z,uniform,./datasets/qsort/uniform/uniform_100.txt,100,57,15,0,0,712,367,1,0,13,4
2025-11-22T05:31:17Z,uniform,./datasets/qsort/uniform/uniform_100.txt,100,58,16,0,0,675,335,1,0,12,6
2025-11-22T05:31:17Z,uniform,./datasets/qsort/uniform/uniform_100.txt,100,59,17,0,0,640,349,1,0,12,4
2025-11-22T05:31:17Z,uniform,./datasets/qsort/uniform/uniform_100.txt,100,60,18,0,0,615,301,1,0,13,2
2025-11-22T05:31:17Z,uniform,./datasets/qsort/uniform/uniform_100.txt,100,61,19,0,0,570,315,1,0,10,1
2025-11-22T05:31:17Z,uniform,./datasets/qsort/uniform/uniform_1000.txt,1000,42,0,0,0,11264,5130,1,0,20,34
2025-11-22T05:31:17Z,uniform,./datasets/qsort/uniform/uniform_1000.txt,1000,43,1,0,0,10670,4641,1,0,20,23
2025-11-22T05:31:17Z,uniform,./datasets/qsort/uniform/uniform_1000.txt,1000,44,2,0,0,10725,5442,1,0,20,26
2025-11-22T05:31:17Z,uniform,./datasets/qsort/uniform/uniform_1000.txt,1000,45,3,0,0,11974,6001,1,0,22,33
2025-11-22T05:31:17Z,uniform,./datasets/qsort/uniform/uniform_1000.txt,1000,46,4,0,0,10935,5743,1,0,25,33
2025-11-22T05:31:17Z,uniform,./datasets/qsort/uniform/uniform_1000.txt,1000,47,5,0,0,10049,4713,1,0,20,17
2025-11-22T05:31:17Z,uniform,./datasets/qsort/uniform/uniform_1000.txt,1000,48,6,0,0,10546,5384,1,0,21,33
2025-11-22T05:31:17Z,uniform,./datasets/qsort/uniform/uniform_1000.txt,1000,49,7,0,0,10144,5131,1,0,19,25
2025-11-22T05:31:17Z,uniform,./datasets/qsort/uniform/uniform_1000.txt,1000,50,8,0,0,11060,4802,1,0,22,26
2025-11-22T05:31:17Z,uniform,./datasets/qsort/uniform/uniform_1000.txt,1000,51,9,0,0,10996,6036,1,0,19,26
2025-11-22T05:31:17Z,uniform,./datasets/qsort/uniform/uniform_1000.txt,1000,52,10,0,0,10533,5621,1,0,21,25
2025-11-22T05:31:17Z,uniform,./datasets/qsort/uniform/uniform_1000.txt,1000,53,11,0,0,10909,5782,1,0,22,20
2025-11-22T05:31:17Z,uniform,./datasets/qsort/uniform/uniform_1000.txt,1000,54,12,0,0,11232,5316,1,0,23,27
2025-11-22T05:31:17Z,uniform,./datasets/qsort/uniform/uniform_1000.txt,1000,55,13,0,0,11362,5760,1,0,20,21
2025-11-22T05:31:17Z,uniform,./datasets/qsort/uniform/uniform_1000.txt,1000,56,14,0,0,11229,4670,1,0,23,25
2025-11-22T05:31:17Z,uniform,./datasets/qsort/uniform/uniform_1000.txt,1000,57,15,0,0,11265,5856,1,0,21,26
2025-11-22T05:31:17Z,uniform,./datasets/qsort/uniform/uniform_1000.txt,1000,58,16,0,0,10333,5088,1,0,20,20
2025-11-22T05:31:17Z,uniform,./datasets/qsort/uniform/uniform_1000.txt,1000,59,17,0,0,10655,5361,1,0,21,24
2025-11-22T05:31:17Z,uniform,./datasets/qsort/uniform/uniform_1000.txt,1000,60,18,0,0,10027,5195,1,0,18,27
2025-11-22T05:31:17Z,uniform,./datasets/qsort/uniform/uniform_1000.txt,1000,61,19,0,0,11370,4917,1,0,21,29
2025-11-22T05:31:17Z,uniform,./datasets/qsort/uniform/uniform_10000.txt,10000,42,0,0,0,147515,73366,1,0,29,254
2025-11-22T05:31:17Z,uniform,./datasets/qsort/uniform/uniform_10000.txt,10000,43,1,0,0,151364,73882,1,0,31,287
2025-11-22T05:31:17Z,uniform,./datasets/qsort/uniform/uniform_10000.txt,10000,44,2,0,0,151110,77931,1,0,30,269
2025-11-22T05:31:17Z,uniform,./datasets/qsort/uniform/uniform_10000.txt,10000,45,3,0,0,170186,87736,1,0,34,273
2025-11-22T05:31:17Z,uniform,./datasets/qsort/uniform/uniform_10000.txt,10000,46,4,0,0,154977,74809,1,0,30,260
2025-11-22T05:31:17Z,uniform,./datasets/qsort/uniform/uniform_10000.txt,10000,47,5,0,0,160456,73976,1,0,31,277
2025-11-22T05:31:17Z,uniform,./datasets/qsort/uniform/uniform_10000.txt,10000,48,6,0,0,151033,73154,1,0,29,273
2025-11-22T05:31:17Z,uniform,./datasets/qsort/uniform/uniform_10000.txt,10000,49,7,0,0,153665,78948,1,0,31,272
2025-11-22T05:31:17Z,uniform,./datasets/qsort/uniform/uniform_10000.txt,10000,50,8,0,0,159240,80985,1,0,30,281
2025-11-22T05:31:17Z,uniform,./datasets/qsort/uniform/uniform_10000.txt,10000,51,9,0,0,154065,82968,1,0,30,262
2025-11-22T05:31:17Z,uniform,./datasets/qsort/uniform/uniform_10000.txt,10000,52,10,0,0,152851,74722,1,0,31,264
2025-11-22T05:31:17Z,uniform,./datasets/qsort/uniform/uniform_10000.txt,10000,53,11,1,1,150152,72310,1,0,30,283
2025-11-22T05:31:17Z,uniform,./datasets/qsort/uniform/uniform_10000.txt,10000,54,12,0,0,151672,74060,1,0,29,276
2025-11-22T05:31:17Z,uniform,./datasets/qsort/uniform/uniform_10000.txt,10000,55,13,0,0,149533,82549,1,0,35,260
2025-11-22T05:31:17Z,uniform,./datasets/qsort/uniform/uniform_10000.txt,10000,56,14,0,0,165186,81714,1,0,30,278
2025-11-22T05:31:17Z,uniform,./datasets/qsort/uniform/uniform_10000.txt,10000,57,15,0,0,156226,79470,1,0,33,298
2025-11-22T05:31:17Z,uniform,./datasets/qsort/uniform/uniform_10000.txt,10000,58,16,0,0,148634,79682,1,0,31,262
2025-11-22T05:31:17Z,uniform,./datasets/qsort/uniform/uniform_10000.txt,10000,59,17,0,0,174534,94346,1,0,32,283
2025-11-22T05:31:17Z,uniform,./datasets/qsort/uniform/uniform_10000.txt,10000,60,18,0,0,143131,74768,1,0,25,236
2025-11-22T05:31:17Z,uniform,./datasets/qsort/uniform/uniform_10000.txt,10000,61,19,0,0,151887,78428,1,0,30,255
2025-11-22T05:31:17Z,uniform,./datasets/qsort/uniform/uniform_100000.txt,100000,42,0,11,11,1949348,909400,1,6,38,2740
2025-11-22T05:31:17Z,uniform,./datasets/qsort/uniform/uniform_100000.txt,100000,43,1,6,6,2075472,1034672,1,4,41,2637
2025-11-22T05:31:17Z,uniform,./datasets/qsort/uniform/uniform_100000.txt,100000,44,2,10,9,2016523,979223,1,5,43,2725
2025-11-22T05:31:17Z,uniform,./datasets/qsort/uniform/uniform_100000.txt,100000,45,3,6,6,1975759,988064,1,4,44,2637
2025-11-22T05:31:17Z,uniform,./datasets/qsort/uniform/uniform_100000.txt,100000,46,4,7,7,2197627,1046062,1,4,42,2728
2025-11-22T05:31:17Z,uniform,./datasets/qsort/uniform/uniform_100000.txt,100000,47,5,5,5,2045881,948001,1,5,43,2662
2025-11-22T05:31:17Z,uniform,./datasets/qsort/uniform/uniform_100000.txt,100000,48,6,6,6,2079381,1081570,1,4,40,2744
2025-11-22T05:31:17Z,uniform,./datasets/qsort/uniform/uniform_100000.txt,100000,49,7,5,5,1954896,971938,1,4,40,2648
2025-11-22T05:31:17Z,uniform,./datasets/qsort/uniform/uniform_100000.txt,100000,50,8,5,5,1982792,1031070,1,4,41,2666
2025-11-22T05:31:17Z,uniform,./datasets/qsort/uniform/uniform_100000.txt,100000,51,9,5,5,2027793,1024821,1,4,40,2711
2025-11-22T05:31:17Z,uniform,./datasets/qsort/uniform/uniform_100000.txt,100000,52,10,5,5,1899453,943232,1,5,36,2708
2025-11-22T05:31:17Z,uniform,./datasets/qsort/uniform/uniform_100000.txt,100000,53,11,7,7,2043849,1050374,1,4,40,2615
2025-11-22T05:31:17Z,uniform,./datasets/qsort/uniform/uniform_100000.txt,100000,54,12,5,5,2072852,1149951,1,4,41,2713
2025-11-22T05:31:17Z,uniform,./datasets/qsort/uniform/uniform_100000.txt,100000,55,13,7,7,1961746,956869,1,4,37,2658
2025-11-22T05:31:17Z,uniform,./datasets/qsort/uniform/uniform_100000.txt,100000,56,14,5,5,2025926,1005417,1,4,40,2685
2025-11-22T05:31:17Z,uniform,./datasets/qsort/uniform/uniform_100000.txt,100000,57,15,6,6,1941772,1007482,1,5,38,2560
2025-11-22T05:31:17Z,uniform,./datasets/qsort/uniform/uniform_100000.txt,100000,58,16,10,10,2084926,1053570,1,5,40,2721
2025-11-22T05:31:17Z,uniform,./datasets/qsort/uniform/uniform_100000.txt,100000,59,17,10,10,2047508,1121553,1,7,45,2692
2025-11-22T05:31:17Z,uniform,./datasets/qsort/uniform/uniform_100000.txt,100000,60,18,6,6,2094448,1034285,1,5,41,2676
2025-11-22T05:31:17Z,uniform,./datasets/qsort/uniform/uniform_100000.txt,100000,61,19,6,6,1977497,880372,1,4,39,2642
